"","Mean.REGION","Mean.ISLAND","Mean.REEF_ZONE","Mean.ANALYSIS_YEAR","Mean.METHOD","Mean.N","Mean.TotFish","Mean.PISCIVORE","Mean.PLANKTIVORE","Mean.PRIMARY","Mean.SECONDARY","Mean.Large_excavators_bioeroders","Mean.Scrapers_small_excavators","Mean.TotalArea","Mean.TotalAreaWithSamples","PooledSE.REGION","PooledSE.ISLAND","PooledSE.REEF_ZONE","PooledSE.ANALYSIS_YEAR","PooledSE.METHOD","PooledSE.N","PooledSE.TotFish","PooledSE.PISCIVORE","PooledSE.PLANKTIVORE","PooledSE.PRIMARY","PooledSE.SECONDARY","PooledSE.Large_excavators_bioeroders","PooledSE.Scrapers_small_excavators"
"1","MHI","Hawaii","Forereef",2011.1,"nSPC",41,25.4952636605768,3.52477284613387,2.33082038453261,13.5452798736302,6.09439055628011,1.19000621721537,1.59608086963005,16839.7515438,12591.708786,"MHI","Hawaii","Forereef",2011.1,"nSPC",41,2.22350157328023,0.857257936878972,0.402713894085975,1.34121746703259,0.443209965137192,0.331207538890014,0.285024247775885
"2","MHI","Hawaii","Forereef",2014.1,"nSPC",153,38.4072900033415,5.51374470092485,4.87803407340298,19.5124802352559,8.50303099375771,2.25143877774786,1.20580177628394,16839.7515438,16173.2082332,"MHI","Hawaii","Forereef",2014.1,"nSPC",153,2.06237441411599,0.627556148759491,0.639589435603271,1.370462443576,0.405653209196081,0.487592861693746,0.16077937065959
"3","MHI","Kauai","Forereef",2011.1,"nSPC",23,26.6975176876783,6.10945176839416,5.15292427925917,8.71776728100035,6.71737435902464,0.977643370184396,0.498298820855096,18127.0671758,13421.394837,"MHI","Kauai","Forereef",2011.1,"nSPC",23,4.31618619535491,1.30550604189055,2.29244868260112,1.73415491320557,1.1041949404022,0.439842408281943,0.23191189726046
"4","MHI","Kauai","Forereef",2014.1,"nSPC",57,23.0645200714841,3.03759692010712,2.63433143040803,9.93062718311596,7.46196453785299,2.08231390806585,0.669926614007446,18127.0671758,18127.0671758,"MHI","Kauai","Forereef",2014.1,"nSPC",57,3.8427175564144,1.11865270830402,0.672062546861349,1.9965049960686,0.979837456253918,1.42883726687244,0.253710440757034
"5","MHI","Lanai","Forereef",2011.1,"nSPC",42,31.9777324217678,7.19294631450672,5.55512348877428,13.660030376774,5.56963224171285,1.04748714181227,3.88417204325698,3003.6738938,1771.9660022,"MHI","Lanai","Forereef",2011.1,"nSPC",42,3.43978780211344,3.15690790381044,0.805188567143231,1.48474698850557,0.635185062998073,0.586997493515961,0.718384691822016
"6","MHI","Lanai","Forereef",2014.1,"nSPC",44,28.4798571110949,3.55479324421481,6.12740743590891,11.5795131110784,7.21814331989278,0.613671364595232,2.14948553272004,3003.6738938,3003.6738938,"MHI","Lanai","Forereef",2014.1,"nSPC",44,3.92359239090265,0.913662501783732,1.43822047169081,1.61021886227976,1.68237866688556,0.444774686444768,0.4243044038004
"7","MHI","Maui","Forereef",2011.1,"nSPC",71,24.2910072281357,2.39315051253558,2.57023525901231,12.3694634745766,6.95815798201114,0.895478587356785,1.50019058498454,11122.1851357,5631.2809974,"MHI","Maui","Forereef",2011.1,"nSPC",71,2.63632654115938,0.469806413264133,0.534107833788979,2.2322763633125,1.03872374083853,0.475055763542347,0.27898348016322
"8","MHI","Maui","Forereef",2014.1,"nSPC",61,37.3871077413644,3.91869261273948,11.7949622944289,14.0100031039048,7.66344973029122,0.470719144168277,1.74561576324051,11122.1851357,6991.5455852,"MHI","Maui","Forereef",2014.1,"nSPC",61,8.02482323014506,0.887339235965852,7.74998193931351,1.74464897143238,0.788196930216804,0.363464296304647,0.460351821587914
"9","MHI","Molokai","Forereef",2011.1,"nSPC",60,25.2514453152971,2.2795778179966,1.90631994642164,13.9736945022507,7.0918530486282,1.67247585586158,1.98664397448862,12730.2936151,10894.8320228,"MHI","Molokai","Forereef",2011.1,"nSPC",60,3.89138516000475,0.41840639931271,0.488961899984965,3.04150719722974,1.50479112087916,0.53138829714394,0.423879108287909
"10","MHI","Molokai","Forereef",2014.1,"nSPC",87,44.9418970015377,4.01381390037427,15.358262594036,17.6178273652565,7.95199314187093,2.02794837246557,1.81390044628681,12730.2936151,12730.2936151,"MHI","Molokai","Forereef",2014.1,"nSPC",87,7.56633223054524,0.677724224265117,7.46222205234586,2.35778240384739,0.893453469459604,0.946280891316522,0.352533785324511
"11","MHI","Niihau","Forereef",2011.1,"nSPC",11,66.9248751347858,21.6674529790573,5.50900112716729,21.0809811186085,18.6674399099527,2.88814646277696,2.37580672728125,9265.8013105,4634.4498955,"MHI","Niihau","Forereef",2011.1,"nSPC",11,15.8570050137105,3.93331498561981,4.02833104690083,3.57603540743056,9.27476874709549,0.836009227743888,0.988232225831156
"12","MHI","Niihau","Forereef",2014.1,"nSPC",75,63.4405292739786,15.8828744488426,5.33442030081425,28.0877674631707,14.1354670611511,3.77179253861172,2.2877807034141,9265.8013105,9265.8013105,"MHI","Niihau","Forereef",2014.1,"nSPC",75,6.00840843923685,2.49412844089833,1.26022502569858,4.05282744640688,2.09596680972465,0.826182866052511,0.803408302054931
"13","MHI","Oahu","Forereef",2011.1,"nSPC",71,9.44192447780299,0.52617052690407,1.0508295781362,3.84089348687244,4.02403088589028,0.144170532640498,0.234356228322419,25118.8228505,18927.4872078,"MHI","Oahu","Forereef",2011.1,"nSPC",71,1.08696767452587,0.150827562862656,0.234394924048179,0.772175034266812,0.284329480144547,0.0741576970692766,0.0859951904741693
"14","MHI","Oahu","Forereef",2014.1,"nSPC",96,14.2658883725971,0.928831786812216,1.85584443605012,6.30653545202122,5.17467669771353,0.393971563879687,0.456627209242076,25118.8228505,23470.6437001,"MHI","Oahu","Forereef",2014.1,"nSPC",96,1.36766824712943,0.190272442986548,0.347175077127898,0.861697984937606,0.515232985516985,0.216947868379011,0.113659442347771
"15","N.MARIAN","Agrihan","Forereef",2011,"nSPC",20,84.9131735648062,33.3597685987198,20.1349849999842,22.9898339378106,8.42858602829167,5.99305644081337,3.45097644729293,850.6272749,850.6272749,"N.MARIAN","Agrihan","Forereef",2011,"nSPC",20,18.7099683701436,11.9025924324296,8.55440006155831,3.94203995413883,1.00144676341648,2.3735390580135,0.914944883692005
"16","N.MARIAN","AGS","Forereef",2011,"nSPC",22,66.6009445204795,27.9159376851725,12.0110035091387,17.4434392995648,9.23056402660344,2.72260251482686,3.80332145666604,743.86433527,510.37798137,"N.MARIAN","AGS","Forereef",2011,"nSPC",22,12.2426331586621,7.43179405103173,5.71471723863159,1.44704699558058,1.23034257696162,0.704135689505499,0.376056755271547
"17","N.MARIAN","AGS","Forereef",2014,"nSPC",29,89.0845458339443,37.4050938051659,18.3045638229732,22.4437929203219,10.9310952854833,2.57135216752898,3.82404561582524,743.86433527,607.11131155,"N.MARIAN","AGS","Forereef",2014,"nSPC",29,18.3740067838165,15.2853899012572,6.45181291299421,2.23084197797808,2.72067496838037,0.960018033596261,0.609918269359834
"18","N.MARIAN","Asuncion","Forereef",2011,"nSPC",20,62.8639742227084,17.6135138388043,12.5238400893977,20.6181638706756,12.1084564238308,4.5680887479308,3.30903566533678,248.6053417,248.6053417,"N.MARIAN","Asuncion","Forereef",2011,"nSPC",20,11.0726617200171,4.98897206738595,6.33607983873937,3.41510554704933,4.6714692420187,2.03247055337001,0.729328875961677
"19","N.MARIAN","Asuncion","Forereef",2014,"nSPC",21,76.0210783854534,26.1114402487265,22.1004397360815,18.9627025520152,8.84649584863012,0.925276561188088,1.6864734993904,248.6053417,248.6053417,"N.MARIAN","Asuncion","Forereef",2014,"nSPC",21,12.4700907727034,8.93079859967166,5.49378605349229,3.05928243448268,1.56421292668036,0.591536465730221,0.394506625444866
"20","N.MARIAN","Farallon de Pajaros","Forereef",2011,"nSPC",12,87.1647046456819,37.6854934491898,18.9242978386275,18.126239564283,12.4286737935815,0.586762074365319,2.31795019427689,138.460079,138.460079,"N.MARIAN","Farallon de Pajaros","Forereef",2011,"nSPC",12,11.5533965192365,9.88391850405045,4.05651737471155,3.15442056010022,3.23185168163183,0.479948198602622,0.636592574497126
"21","N.MARIAN","Farallon de Pajaros","Forereef",2014,"nSPC",9,79.7651225208762,30.2083111749634,19.5918186046688,18.7623626905398,11.2026300507042,1.41441612234426,1.57077122529846,138.460079,105.543532,"N.MARIAN","Farallon de Pajaros","Forereef",2014,"nSPC",9,10.4330344090453,7.52099006318213,8.35529949971432,2.70709180601661,2.50592653975782,1.00265277327674,0.550820687653886
"22","N.MARIAN","Maug","Forereef",2011,"nSPC",30,48.7585577373203,13.6802829443941,10.1026876738119,19.0055172304102,5.97006988870413,1.00900286258414,4.19441361352897,313.87070176,313.87070176,"N.MARIAN","Maug","Forereef",2011,"nSPC",30,6.63007072724595,3.48578235335811,2.54736431309381,1.85028177379295,0.860623674274433,0.372590386976297,0.581402539728525
"23","N.MARIAN","Maug","Forereef",2014,"nSPC",40,53.7439234586289,16.4285827622051,13.6038190421898,16.7687109106593,6.94281074357473,1.53750928471769,3.0928911023934,313.87070176,313.87070176,"N.MARIAN","Maug","Forereef",2014,"nSPC",40,5.38367030379356,3.55390470491641,2.81376164786927,1.41425515303438,0.684976875832945,0.311454317485221,0.35903024009039
"24","N.MARIAN","Pagan","Forereef",2011,"nSPC",29,45.0270084831882,10.7870683174155,9.18804287878005,17.2039104220204,7.84798686497223,2.87594294788233,2.38132873455398,1512.9239538,1512.9239538,"N.MARIAN","Pagan","Forereef",2011,"nSPC",29,4.77267400353004,1.88802321889156,2.02655979035254,2.14842565920245,1.46854322952712,0.948255773977246,0.42338058373374
"25","N.MARIAN","Pagan","Forereef",2014,"nSPC",43,68.7052012548196,26.1912271065267,13.5959118073752,19.5128255042277,9.40523683668992,3.34360042080758,2.66555966060175,1512.9239538,1512.9239538,"N.MARIAN","Pagan","Forereef",2014,"nSPC",43,8.96309853674151,6.40735926563387,3.50316363988381,2.89091214737289,0.86810352139102,0.830303134398642,0.373945411285261
"26","NWHI","French Frigate","Backreef",2014,"nSPC",3,34.5169473027292,3.51370346721663,0.304614492659525,24.0181348247908,6.68049451806222,0.96306238053099,0,669.453395,669.453395,"NWHI","French Frigate","Backreef",2014,"nSPC",3,33.2639692977982,3.48818106009748,0.30444381244921,23.8163939920886,5.65638768839432,0.9625227617879,0
"27","NWHI","French Frigate","Forereef",2010,"nSPC",9,120.63802129451,94.8673183490057,2.49766506888499,17.6941316073184,5.57890626930109,1.95943689225675,3.7969871250564,8873.2416648,5635.7884508,"NWHI","French Frigate","Forereef",2010,"nSPC",9,77.623248719393,76.3173951075602,0.799453402243378,3.89914871870555,0.797964005226497,0.966326863335667,1.63894965929335
"28","NWHI","French Frigate","Forereef",2012,"nSPC",3,135.120553089712,68.159959679251,3.00555816999629,8.61279014390833,55.3422450965568,0.824917753927859,1.35773052367858,8873.2416648,4786.898844,"NWHI","French Frigate","Forereef",2012,"nSPC",3,89.8980349270493,38.1350695295188,1.29066227831128,5.95471998945892,45.0462579903021,0.824853128314162,1.35762415650693
"29","NWHI","French Frigate","Forereef",2014,"nSPC",24,373.343778449985,315.908807422501,28.4501309861047,17.3339948211341,11.6508452202445,1.65028614915552,3.79415499364362,8873.2416648,8873.2416648,"NWHI","French Frigate","Forereef",2014,"nSPC",24,163.910067317603,159.004356514384,10.5688709613744,3.02867204677929,2.44645270326462,0.84550307611548,0.918454451149854
"30","NWHI","French Frigate","Forereef",2015,"nSPC",6,57.5899851674307,29.9866553906364,6.1008657441608,12.9324893571684,8.56997467546514,0,1.390881303568,8873.2416648,8024.352058,"NWHI","French Frigate","Forereef",2015,"nSPC",6,15.9285331600226,13.1476398928492,3.16655634514922,7.53831908638108,1.67762325023615,0,1.39077233930169
"31","NWHI","French Frigate","Lagoon",2010,"nSPC",16,91.1404046986798,69.756923269005,1.60390092793227,12.9130951640293,6.86648533771327,0.819330354346827,5.76285388365707,18254.736098,18254.736098,"NWHI","French Frigate","Lagoon",2010,"nSPC",16,25.6012037383642,25.4749004260451,0.401487454058076,2.25642888989947,1.04110150435025,0.548298591061223,1.37807586078086
"32","NWHI","French Frigate","Lagoon",2011,"nSPC",6,138.835885181239,98.2404527693393,0.683510340018605,16.6068191842981,23.3051028875835,2.12635670380425,5.22559870143407,18254.736098,7195.024278,"NWHI","French Frigate","Lagoon",2011,"nSPC",6,51.9505888180545,42.9647130930825,0.285958023560152,6.30094106259205,17.0732667926757,0.895031518658781,1.58425555706668
"33","NWHI","French Frigate","Lagoon",2012,"nSPC",10,96.3170270403118,62.9551206648947,2.43065465657588,17.0637915454413,13.8674601734,1.3244081033093,6.24957716854327,18254.736098,16115.737447,"NWHI","French Frigate","Lagoon",2012,"nSPC",10,28.8842850938108,27.0379092150926,0.824203244733344,2.29347955829362,2.12852826480733,1.19110856182278,1.01806623343793
"34","NWHI","Gardner","Forereef",2011,"nSPC",12,87.0831230564304,73.1303593641834,5.36549223207974,3.8249726635932,4.76229879657399,0.132841099488711,0.0679462747564437,31733.178278,31733.178278,"NWHI","Gardner","Forereef",2011,"nSPC",12,12.7450516185298,10.5008190268561,3.0297612889469,0.650285841188086,0.987067201911298,0.132809699355961,0.0679302140489108
"35","NWHI","Kure","Backreef",2010,"nSPC",3,37.0842809464151,4.98348141271176,0.895332626169878,22.3755584154055,8.82990849212803,6.1628330741695,3.3911613543423,313.2284126,313.2284126,"NWHI","Kure","Backreef",2010,"nSPC",3,11.5331187422124,4.07709277702605,0.441183623303838,4.11089343476823,4.22382137833301,4.69999260700915,1.69786016311187
"36","NWHI","Kure","Backreef",2012,"nSPC",3,60.0384785680697,7.12642549385961,0,18.9207655448742,33.9912875293359,2.95271493742383,0.480730985875203,313.2284126,313.2284126,"NWHI","Kure","Backreef",2012,"nSPC",3,8.7111163046477,7.11788855695472,0,5.49349074441462,1.63240572032647,1.85593241955629,0.480155105288479
"37","NWHI","Kure","Forereef",2010,"nSPC",16,76.6242344449379,43.1610846420515,4.72646537835464,19.4410964164358,9.29558800809604,5.45359767410478,2.84088140911055,2438.4860881,2438.4860881,"NWHI","Kure","Forereef",2010,"nSPC",16,14.4311432895593,14.5854121281841,1.23103471845844,3.83775059984395,0.452179891250977,1.70975131995628,0.736231913294513
"38","NWHI","Kure","Forereef",2012,"nSPC",13,287.272344829321,141.01593509819,109.187324499028,20.9198595930454,16.1492256390565,5.93951157475302,2.61824276119005,2438.4860881,2218.654243,"NWHI","Kure","Forereef",2012,"nSPC",13,128.864008348923,35.306663246067,103.755450876304,4.21615296111922,1.99727094457932,1.68525465223204,1.08604879227644
"39","NWHI","Kure","Forereef",2015,"nSPC",4,134.529928597059,96.9696137783034,5.97696051278314,20.0817711571594,11.5015831488127,3.48830541545365,5.07238100044953,2438.4860881,1122.511521,"NWHI","Kure","Forereef",2015,"nSPC",4,29.0262247773236,20.4185220973567,2.21830095991969,7.37795991036643,1.32296767923179,2.08544691661632,2.89397345856635
"40","NWHI","Kure","Lagoon",2010,"nSPC",6,18.5781153927475,4.74330233564572,0.200915171817987,5.34407120160646,8.28982668367736,0.295477277727082,1.87279134796005,947.6579879,947.6579879,"NWHI","Kure","Lagoon",2010,"nSPC",6,6.94058635604921,2.20030707952599,0.161423986002462,2.46415629431107,4.24186330345493,0.147438407349579,1.04277380698287
"41","NWHI","Laysan","Forereef",2011,"nSPC",21,80.8917456422014,54.9469597465758,1.96710299409106,13.8084321357207,10.1692507658139,1.04945505269729,1.30494979230763,3399.611461,3199.611461,"NWHI","Laysan","Forereef",2011,"nSPC",21,12.4059393445605,12.7826089242315,0.992226266645013,3.97178331248655,2.21292664108667,0.482489310875883,0.483295700742741
"42","NWHI","Laysan","Forereef",2015,"nSPC",6,51.5987507231255,27.1747978191889,2.73325126424132,11.9590895703827,9.73161206931249,0.639717620594146,2.60015143437983,3399.611461,3199.611461,"NWHI","Laysan","Forereef",2015,"nSPC",6,13.1793970173141,5.85017950179161,1.25264070759764,6.91067079734049,2.70356989453588,0.639550532643203,2.20034309131927
"43","NWHI","Lisianski","Forereef",2010,"nSPC",25,176.536248448797,152.862599619955,1.65734246947813,13.9130515802401,8.10325477912411,1.11956666555822,6.48180924103636,30954.929269,30954.929269,"NWHI","Lisianski","Forereef",2010,"nSPC",25,74.0468619444473,75.0447410188812,0.458453217045862,1.96066204056109,2.60278330922209,0.360412071825946,0.985669763864456
"44","NWHI","Lisianski","Forereef",2011,"nSPC",8,1041.63038103251,1010.85075793919,3.02595541430066,19.2446141284955,8.50905355052431,0.782066696622495,7.20328836512469,30954.929269,25113.54541,"NWHI","Lisianski","Forereef",2011,"nSPC",8,727.718805784688,729.405820890122,1.15689055863151,2.93079177380568,2.49856561434829,0.545779043693875,3.16539509413358
"45","NWHI","Lisianski","Forereef",2012,"nSPC",25,205.018476244079,161.921877604505,5.4172544609591,26.2868902918575,11.392453886757,4.27591094963536,7.78190500893482,30954.929269,30954.929269,"NWHI","Lisianski","Forereef",2012,"nSPC",25,31.2727815672558,30.3070552651862,3.22361114717249,3.04316644933491,2.44179391910892,1.0466542780084,1.11520617931278
"46","NWHI","Lisianski","Forereef",2014,"nSPC",28,172.616431135988,150.876203110299,1.75798251384135,14.1429102796999,5.83933523214745,0.808609440668072,8.06560637173645,30954.929269,30954.929269,"NWHI","Lisianski","Forereef",2014,"nSPC",28,43.0035931873388,44.1277687673349,0.36516493425239,1.85002373225173,0.643576532927572,0.376587629446361,1.10176627736247
"47","NWHI","Lisianski","Forereef",2015,"nSPC",18,283.674084045583,242.108152404911,2.22798861326553,29.0468981868782,10.2910448405281,0.704793795464758,13.2890082898675,30954.929269,30954.929269,"NWHI","Lisianski","Forereef",2015,"nSPC",18,133.492623820447,134.48954134588,0.476253958656432,5.40195348887477,1.52431537056973,0.498974463092059,2.45378080696894
"48","NWHI","Maro","Forereef",2011,"nSPC",21,119.295465035151,79.321392109596,6.68112052705131,24.0529193317328,9.24003306677062,1.96590807990367,7.43947978165346,25606.679405,25606.679405,"NWHI","Maro","Forereef",2011,"nSPC",21,27.1607052558725,23.5560138091021,3.04174554901188,5.86548815517784,1.6021793919126,1.15762405004437,1.32544536595318
"49","NWHI","Maro","Forereef",2015,"nSPC",17,94.5550820267369,36.410563636018,14.7262247436184,26.0707064745361,17.3475871725644,2.58444627548792,10.5911459377438,25606.679405,25606.679405,"NWHI","Maro","Forereef",2015,"nSPC",17,12.7004081775178,10.7401652329633,7.50993793949002,3.16989834321266,6.24262098106213,1.15261789782674,1.83987958397596
"50","NWHI","Maro","Lagoon",2011,"nSPC",4,69.0571274259987,43.3424799442664,0.171793679778789,14.3981108007795,11.1447430011741,0,9.39099920271945,390.4628442,182.6414462,"NWHI","Maro","Lagoon",2011,"nSPC",4,29.0532334174236,34.0017755786391,0.0723254254250242,2.36202479921961,6.80343816567524,0,1.73414157303807
"51","NWHI","Midway","Backreef",2011,"nSPC",5,34.8371281736083,4.09184898457221,0.305402931351646,18.7705267114818,11.6693495462026,5.45752502754994,0.553158281157093,414.9599651,414.9599651,"NWHI","Midway","Backreef",2011,"nSPC",5,7.3377761105545,1.87287398184714,0.193994904281691,4.36510794738876,3.78744190733666,2.67210820511233,0.337075195462566
"52","NWHI","Midway","Backreef",2014,"nSPC",4,31.775370374194,0.174689098078273,0.0753241289896771,16.4604572430313,15.0648999040948,2.51937097073655,2.99062809815916,414.9599651,414.9599651,"NWHI","Midway","Backreef",2014,"nSPC",4,15.5616061063367,0.0606941623830758,0.0411912676581816,10.4074296195476,5.5939672621509,1.55282503251993,1.57448281943146
"53","NWHI","Midway","Forereef",2011,"nSPC",17,152.185631923957,70.4934452388698,8.64045770572295,58.4391693000215,14.6125596793424,10.7976599097453,4.08468319670287,3293.6435197,3293.6435197,"NWHI","Midway","Forereef",2011,"nSPC",17,32.4858214938749,21.2947311537782,3.35244791906463,20.2570761865964,1.81940870118478,2.31050464796306,1.18242953482896
"54","NWHI","Midway","Forereef",2014,"nSPC",30,174.516096726528,81.6557779519783,15.7069468036849,58.5497813111994,18.6035906596653,10.5691332983673,4.1414221112281,3293.6435197,3293.6435197,"NWHI","Midway","Forereef",2014,"nSPC",30,27.4822736592642,21.6229923883141,5.20459125212723,9.39009166461707,3.29497202337374,1.52988979886509,0.788742797376742
"55","NWHI","Midway","Forereef",2015,"nSPC",12,164.529024164565,74.4362222106609,15.7128308318963,54.206507590862,20.173463531146,6.76414639836297,4.724883028239,3293.6435197,3293.6435197,"NWHI","Midway","Forereef",2015,"nSPC",12,32.3224958483903,28.6912544561117,4.28938731488336,12.2170716386985,2.76211919674333,1.37261248582661,1.82295337334539
"56","NWHI","Midway","Lagoon",2011,"nSPC",6,90.4022262790641,12.7277999640157,1.59751662504151,59.0102226138466,17.0666870761603,12.1474935335227,2.53980191797445,1286.986452994,890.879595,"NWHI","Midway","Lagoon",2011,"nSPC",6,14.273739779253,5.35552563234181,0.597882497545161,10.1905258310634,3.23515074329754,2.6858828150324,0.675223157121504
"57","NWHI","Necker","Forereef",2011,"nSPC",6,137.061642507113,24.3612513086016,78.936077681397,16.5573209989058,17.2069925182088,0,0.5186289493305,636.621779262,628.0848076,"NWHI","Necker","Forereef",2011,"nSPC",6,62.4888158965638,16.9692976358128,45.7730506964233,1.62205936833424,8.92313886627493,0,0.51823291371183
"58","NWHI","Nihoa","Forereef",2011,"nSPC",4,82.1522260941044,14.4872595571164,8.04943969397564,49.5398285295777,10.0756983134347,0.607692773370293,3.1710617446469,409.866095837,52.68378472,"NWHI","Nihoa","Forereef",2011,"nSPC",4,19.9249075406692,7.04128093077624,1.94644624464944,11.1369266028438,3.16733341830746,0.601897782047989,2.51722082173561
"59","NWHI","Pearl & Hermes","Backreef",2010,"nSPC",7,45.5389241928602,16.9137354642889,0.0690948477183808,24.762910209302,3.79318367155099,0.353536180254797,0.587236067821532,1471.478356,1471.478356,"NWHI","Pearl & Hermes","Backreef",2010,"nSPC",7,26.0542110140659,12.1498438487356,0.0272194881808933,20.8078121468863,1.20092933626061,0.228070881894063,0.470071905502627
"60","NWHI","Pearl & Hermes","Forereef",2010,"nSPC",24,278.653562804889,254.100545684698,2.64607358162362,12.472979833263,9.43396370530523,1.24939675622477,4.01556554107149,8497.5292439,8497.5292439,"NWHI","Pearl & Hermes","Forereef",2010,"nSPC",24,139.201848751845,139.287768754232,0.523743567469057,1.90930414042101,2.27549858866583,0.267059907412874,1.04588267468957
"61","NWHI","Pearl & Hermes","Forereef",2011,"nSPC",9,203.894907143263,167.482003014476,6.29772343273046,20.5445127746054,9.57066792145101,2.13248949863703,5.02141074703062,8497.5292439,3043.3977649,"NWHI","Pearl & Hermes","Forereef",2011,"nSPC",9,74.4551336440281,72.2196522455369,1.93730886265682,5.34223433465897,1.90492728569322,1.37168799503332,1.92120895514501
"62","NWHI","Pearl & Hermes","Forereef",2012,"nSPC",15,246.962364231395,212.169308488376,7.47312556834188,14.0595240614299,13.2604061132473,2.21523281423157,3.05435446579226,8497.5292439,7881.9259,"NWHI","Pearl & Hermes","Forereef",2012,"nSPC",15,85.2925688352138,82.5071800099907,2.54860596559166,2.5168407606223,3.30208308779794,0.96888496224661,0.667614653642092
"63","NWHI","Pearl & Hermes","Forereef",2015,"nSPC",21,311.202725015671,219.476296196675,33.6360523803642,43.5746767353641,14.5156997032683,1.31297496051036,6.26367023827001,8497.5292439,8497.5292439,"NWHI","Pearl & Hermes","Forereef",2015,"nSPC",21,89.7818206504706,60.3011702413461,15.769656769582,20.5093424960673,1.71633901075797,0.42275308115234,1.32618862594911
"64","NWHI","Pearl & Hermes","Lagoon",2010,"nSPC",10,71.1030280784643,54.7181258417933,0.534560270102997,12.0473508229693,3.80299114359872,0.747083258744712,4.97012565080836,7843.057086,7843.057086,"NWHI","Pearl & Hermes","Lagoon",2010,"nSPC",10,13.2794566340979,14.5376975484043,0.12275136490963,2.52010213708743,0.992276494856983,0.560374877035448,1.73272458808518
"65","NWHI","Pearl & Hermes","Lagoon",2011,"nSPC",7,97.3331935236519,75.4430687493225,0.301140304167177,12.9708163555719,8.61816811459034,1.09882343119916,6.35083395922865,7843.057086,5161.106161,"NWHI","Pearl & Hermes","Lagoon",2011,"nSPC",7,33.8735325555652,32.8487061841315,0.11180017307476,3.5285488571159,1.6215591552137,0.52509184548677,2.59701855058583
"66","NWHI","Pearl & Hermes","Lagoon",2012,"nSPC",15,174.758916215411,151.647087740098,0.960997364350656,14.0412384223263,8.10959268863584,3.33956800570571,5.41147211858572,7843.057086,7843.057086,"NWHI","Pearl & Hermes","Lagoon",2012,"nSPC",15,47.8707871088515,47.9821456351036,0.390956997271151,4.53219867285892,2.3477497221486,2.22221285389407,1.43136837172241
"67","PRIAs","Baker","Forereef",2010,"nSPC",21,78.0209539691275,40.5904953064128,15.7863620913755,13.9126405782925,7.73145599304671,0.525129643646489,2.79864892946106,390.27580156,390.27580156,"PRIAs","Baker","Forereef",2010,"nSPC",21,17.5626440129244,14.3764290155849,3.93986019839335,2.36789161441713,1.83092381324589,0.216882128443534,0.7775712955853
"68","PRIAs","Baker","Forereef",2012,"nSPC",24,126.687352304572,67.5810062883172,19.9259468843883,29.0397833963656,10.1406157355007,2.85401780432798,3.77177206291469,390.27580156,390.27580156,"PRIAs","Baker","Forereef",2012,"nSPC",24,31.3073820050739,24.8432209751549,2.9954342994759,7.18112977833292,1.31703610718647,1.07271044213644,1.22826405087331
"69","PRIAs","Baker","Forereef",2015,"nSPC",36,259.145169151153,43.5500524909659,170.521423864657,26.9362595251014,18.1374332704284,2.51968131474162,3.52176626894494,390.27580156,390.27580156,"PRIAs","Baker","Forereef",2015,"nSPC",36,120.567929912148,9.54411932245752,117.641371945484,7.49162305130886,4.32588735321892,0.8419723099428,0.727961545513623
"70","PRIAs","Howland","Forereef",2010,"nSPC",16,73.1888579891125,27.3477060327285,20.4382951879426,13.7627326158112,11.6401241526302,2.15916356996587,1.04495060902191,172.85286682,172.85286682,"PRIAs","Howland","Forereef",2010,"nSPC",16,14.1934669874233,6.53507330633246,4.17854686868983,1.31321143564425,4.68995326963703,0.754712671126403,0.386863360926352
"71","PRIAs","Howland","Forereef",2012,"nSPC",39,156.572644123455,47.8464714473866,65.798935731005,22.5919093496585,20.3353275954046,2.94162079161857,0.76779956614078,172.85286682,172.85286682,"PRIAs","Howland","Forereef",2012,"nSPC",39,29.4240793038467,7.39284236338746,29.0251422763158,3.39784408518371,6.40708424122247,0.820450305250647,0.242290321420789
"72","PRIAs","Howland","Forereef",2015,"nSPC",35,274.386481061714,55.4410596571091,187.488723959877,19.2836959834987,12.1730014612288,0.329341102588262,1.15720770390437,172.85286682,172.85286682,"PRIAs","Howland","Forereef",2015,"nSPC",35,91.0727910804691,8.33749807305735,87.6739866144682,3.42249066618133,1.27235600369379,0.204018943223838,0.205589826782435
"73","PRIAs","Jarvis","Forereef",2010,"nSPC",30,178.045108546953,114.806802318538,20.0862455862066,30.152833308166,12.9992273340418,3.30047095004934,7.40424533777096,365.90565228,365.90565228,"PRIAs","Jarvis","Forereef",2010,"nSPC",30,25.4395630961324,25.4818197951228,3.66445882188127,2.12158445489832,0.758029611557784,0.71270495252075,0.67437844313103
"74","PRIAs","Jarvis","Forereef",2012,"nSPC",42,252.540258220549,131.049619181067,50.0149358544453,51.4246370222962,20.0510661627414,9.51506912801629,9.17787642269064,365.90565228,365.90565228,"PRIAs","Jarvis","Forereef",2012,"nSPC",42,27.7061422631869,21.7818754779773,10.4454615242383,5.77463151394542,3.67558695347932,1.80786931874672,1.09370778572886
"75","PRIAs","Jarvis","Forereef",2015,"nSPC",62,230.0944923595,63.1390902430461,123.434081105707,29.3762191189088,14.1451018918384,4.60740243904557,5.830822857197,365.90565228,365.90565228,"PRIAs","Jarvis","Forereef",2015,"nSPC",62,59.6615044261578,9.482496296953,57.6391441309325,3.11644944210269,1.19056868651971,0.815342994556498,0.674239229751183
"76","PRIAs","Johnston","Backreef",2010,"nSPC",11,28.9949809386044,5.07425259118089,2.74045599200589,17.4902669711904,3.69000538422719,6.74204096624237,3.72103998440783,671.87000358,670.6677797,"PRIAs","Johnston","Backreef",2010,"nSPC",11,6.66939603123699,0.805764894449961,1.06253771143996,6.70026794142986,0.316063632119446,6.44269891883806,0.622138722273628
"77","PRIAs","Johnston","Backreef",2012,"nSPC",7,30.0463751017641,5.64090665156583,1.22985073607425,18.1685010203737,5.00711669375025,0.924307998386846,5.00105535412946,671.87000358,670.6677797,"PRIAs","Johnston","Backreef",2012,"nSPC",7,3.16281104184417,1.93915411488631,0.608220031587403,2.11149799252099,0.934471442147815,0.578146819585793,0.866307182512574
"78","PRIAs","Johnston","Forereef",2010,"nSPC",8,83.4125577984504,39.9198477458275,10.536654423334,27.7344627390095,5.2215928902794,1.3340207906568,1.63506850080407,713.3760333,478.6258021,"PRIAs","Johnston","Forereef",2010,"nSPC",8,20.0107087750521,17.7054515059063,4.12487093512262,6.70286973021661,1.55040439034609,1.01062959590397,1.03615016174362
"79","PRIAs","Johnston","Forereef",2012,"nSPC",7,57.2280265868752,19.0028935009097,11.0229377524397,18.2619570873677,8.9402382461582,0.730680411230519,3.1589378018582,713.3760333,478.6258021,"PRIAs","Johnston","Forereef",2012,"nSPC",7,14.2340752093534,7.67444574760041,3.98070218786142,5.58130643679378,1.87821198678052,0.728328395328648,0.865140659068089
"80","PRIAs","Johnston","Forereef",2015,"nSPC",23,145.082783291631,12.7101747427449,91.2824886667358,33.8020192850637,7.28810059708638,4.22009125508487,6.60078192828247,713.3760333,478.6258021,"PRIAs","Johnston","Forereef",2015,"nSPC",23,68.909232066293,3.3698513376267,64.2553441590141,5.34503612120755,1.52440440533046,1.55023874433356,2.09670888899343
"81","PRIAs","Johnston","Lagoon",2010,"nSPC",20,34.5312392188478,17.6172175148776,0.881725117605265,13.5799949443563,2.4523016420085,0.950778291180837,2.83199932488622,8024.948681,8024.948681,"PRIAs","Johnston","Lagoon",2010,"nSPC",20,8.47838222363284,6.52399046122646,0.305016395917449,2.21007468036952,0.293353218652617,0.451950704524821,0.836148571837521
"82","PRIAs","Johnston","Lagoon",2012,"nSPC",17,40.1437843201361,12.2824158556809,4.72966842006444,16.2608822093776,6.87081783501317,0.651502663715221,5.30875989766576,8024.948681,5114.165779,"PRIAs","Johnston","Lagoon",2012,"nSPC",17,5.46959861951909,3.47505639262386,2.32799580597562,2.53942744106592,2.27460286002171,0.395503756603107,0.991108067393826
"83","PRIAs","Johnston","Lagoon",2015,"nSPC",5,37.0595867225013,11.64982786879,0.298404020392264,19.298572803061,5.81278203025811,0.633444482708285,7.9967083379452,8024.948681,3936.545626,"PRIAs","Johnston","Lagoon",2015,"nSPC",5,3.80313901465309,6.93352833134059,0.0584926512518383,4.81471610298386,0.84460674267235,0.633343903603461,2.34788939588119
"84","PRIAs","Kingman","Backreef",2010,"nSPC",7,46.7590752677765,18.5473731320297,1.74984629790026,16.9469428450942,9.51491299275237,5.54552438382747,3.21213168394339,2158.729712,1998.4427584,"PRIAs","Kingman","Backreef",2010,"nSPC",7,6.55787917079187,2.19645432714182,0.51931628635979,4.96430945443377,1.91988898495668,2.02015681931589,1.14175701175227
"85","PRIAs","Kingman","Backreef",2012,"nSPC",12,169.141716112841,110.316103311629,7.46982861611482,41.8675062799016,9.4882779051961,17.8205525169192,8.19480628436047,2158.729712,2158.729712,"PRIAs","Kingman","Backreef",2012,"nSPC",12,42.9007280038841,44.1514217277911,3.21228755899204,10.0363599856894,0.747232068888384,7.850042575797,1.95037821943664
"86","PRIAs","Kingman","Backreef",2015,"nSPC",3,121.131920385744,86.3545235168754,1.76210811046726,23.6800907358903,9.33519802251109,9.77415127623555,3.77821239253699,2158.729712,1464.254273,"PRIAs","Kingman","Backreef",2015,"nSPC",3,30.5482667565868,20.5276657997159,0.641251249180124,9.80976778183878,2.25979019239355,2.31370326801874,2.19486746037029
"87","PRIAs","Kingman","Forereef",2010,"nSPC",19,352.143054821823,215.862483563516,100.943643338499,20.8975008100348,14.4394271097726,7.36322912664135,4.78096470764236,351.08416953,351.08416953,"PRIAs","Kingman","Forereef",2010,"nSPC",19,69.375554218369,44.2933881031214,38.0651495572821,3.61596906741517,5.63222993593649,1.60441081470144,1.45119722923107
"88","PRIAs","Kingman","Forereef",2012,"nSPC",26,356.78100774946,234.869007049682,49.5968266908904,54.1443413457192,18.1708326631683,9.28677970929804,5.43853898187314,351.08416953,351.08416953,"PRIAs","Kingman","Forereef",2012,"nSPC",26,46.62345414215,25.4283921287657,9.75676080981365,31.9308229321015,2.62954612300112,2.0739251577863,0.866484104546823
"89","PRIAs","Kingman","Forereef",2015,"nSPC",34,224.49014023648,143.62519772962,54.6379011023482,17.3073979599495,8.91964344456236,9.02668732724035,2.73972053414686,351.08416953,351.08416953,"PRIAs","Kingman","Forereef",2015,"nSPC",34,24.9211932156877,17.0371450854651,11.9192413897067,1.87282580181103,0.626160854570234,1.3458126124551,0.619855970351425
"90","PRIAs","Kingman","Lagoon",2010,"nSPC",4,108.681168660652,27.6333628152276,32.2706963379132,39.8657253482087,8.91138415930244,22.3418886441395,5.1877086782849,1198.24855271,938.403659,"PRIAs","Kingman","Lagoon",2010,"nSPC",4,38.3627824490653,5.46581495287553,24.6134459453588,10.9252937369197,1.00797611921883,10.4306400581946,2.57042266394715
"91","PRIAs","Kingman","Lagoon",2012,"nSPC",11,128.963756578913,83.0835173443246,6.22176379392091,25.6067190203529,14.0517564203148,10.4625163924195,4.0100261717006,1198.24855271,1174.4115087,"PRIAs","Kingman","Lagoon",2012,"nSPC",11,39.3423446116321,34.2262298189305,2.1157664976632,3.59647846440546,4.36675452137512,1.90547522592846,1.48289653415487
"92","PRIAs","Kingman","Lagoon",2015,"nSPC",8,160.342211211685,111.583055684604,18.7991021632967,20.4564403096632,9.50361305412024,12.7822276911566,3.104467160096,1198.24855271,1174.4115087,"PRIAs","Kingman","Lagoon",2015,"nSPC",8,37.3458678737343,27.1074883769594,12.1554298500476,3.07400222963667,1.47828068729316,2.57924707896638,0.379848462634827
"93","PRIAs","Palmyra","Forereef",2010,"nSPC",38,180.118774641892,74.9305017589361,19.9812436636408,70.295918755896,14.9111104634195,4.00428234714752,6.33510560857077,2793.351013,2793.351013,"PRIAs","Palmyra","Forereef",2010,"nSPC",38,35.3858580191832,15.9796552437717,4.40547035866041,24.8833385778497,2.6699616138556,1.87364364165409,0.853416092960822
"94","PRIAs","Palmyra","Forereef",2012,"nSPC",42,214.868246138725,77.3054486590563,67.9817188342628,33.4174701487055,36.1636084967009,5.19526156881012,12.0504719082341,2793.351013,2793.351013,"PRIAs","Palmyra","Forereef",2012,"nSPC",42,33.0392309151166,10.1007663503565,26.2651905586726,3.71645844242853,7.72001229591313,1.57914045276645,1.36886010046164
"95","PRIAs","Palmyra","Forereef",2015,"nSPC",78,99.6404739297227,54.6885492674582,8.79004533878438,17.8519076586836,18.3099716647964,2.54339609718524,4.10265943455588,2793.351013,2793.351013,"PRIAs","Palmyra","Forereef",2015,"nSPC",78,10.1081361228526,6.31508094845673,1.24191016771116,1.46839443785449,4.98637963484186,0.626819993744133,0.308339737384969
"96","PRIAs","Wake","Forereef",2011,"nSPC",30,58.0284619796586,7.84948665249329,7.72007394050873,26.5263009943915,15.9326003922651,1.93460575752433,7.29948498610783,279.75088277,279.75088277,"PRIAs","Wake","Forereef",2011,"nSPC",30,6.59024080280467,1.03642066057493,2.14987515833329,2.0365227843315,5.56073855074952,0.770340480388498,0.726681956750837
"97","PRIAs","Wake","Forereef",2014,"nSPC",45,55.2678612268389,16.5502712621064,4.04621425470436,27.0304851123814,7.64089059764675,1.74457481961918,5.43943322430251,279.75088277,279.75088277,"PRIAs","Wake","Forereef",2014,"nSPC",45,8.14367540022012,5.49123177355671,0.823277132935752,4.54818592479788,1.16909510529386,0.538780925174431,1.21117104967974
"98","S.MARIAN","Aguijan","Forereef",2011,"nSPC",13,27.0481187199273,5.9985641940167,3.06116662660843,12.9603540027367,5.02803389656554,0.285967135611635,1.92594057656905,405.5903238,405.5903238,"S.MARIAN","Aguijan","Forereef",2011,"nSPC",13,3.74162686705356,3.33678525574013,0.622220727898508,2.76269137761961,0.50513916459587,0.284464897757419,0.688219616008533
"99","S.MARIAN","Aguijan","Forereef",2014,"nSPC",8,33.6563550356083,9.65061171076567,7.98913162885322,10.556915986855,5.45969570913441,1.5598753551682,1.94921409129798,405.5903238,248.2895944,"S.MARIAN","Aguijan","Forereef",2014,"nSPC",8,12.2816285431874,4.81284123067124,3.37015456629633,3.7400757996209,3.56748378419334,1.553323364144,0.695056397137318
"100","S.MARIAN","Guam","Forereef",2011,"nSPC",133,30.3073767774288,4.5731481254773,2.945185114931,15.6616814908876,7.12736204613289,1.05087356661237,6.20923540526283,7295.65,7094.02,"S.MARIAN","Guam","Forereef",2011,"nSPC",133,2.59693291604722,1.44595690527083,0.242265112944162,1.47192636723549,1.23547312286352,0.423276958217298,0.807203984089079
"101","S.MARIAN","Guam","Forereef",2014,"nSPC",73,16.6205736560625,3.43087449040491,1.3437047314574,8.34437876962732,3.50161566457289,0.0652192476041539,1.63602781096561,7295.65,7094.02,"S.MARIAN","Guam","Forereef",2014,"nSPC",73,1.67035139958494,1.17472500526671,0.246230960802932,0.976479735335605,0.294375877046795,0.0538622575965464,0.177458615443319
"102","S.MARIAN","Rota","Forereef",2011,"nSPC",24,23.0842816704535,2.08169712420241,1.30040456720098,10.5446456529057,9.15753432614436,1.46950645098192,1.85236275340053,1331.3721518,1331.3721518,"S.MARIAN","Rota","Forereef",2011,"nSPC",24,4.919605647181,0.549837247618567,0.267837017160954,2.09211987349407,3.39810945717174,0.776280030181485,0.428548698023629
"103","S.MARIAN","Rota","Forereef",2014,"nSPC",28,19.9842033065091,2.03151425119534,2.52016072793211,12.0458379657836,3.38669036159797,0.334611909373493,4.84570301441714,1331.3721518,1331.3721518,"S.MARIAN","Rota","Forereef",2014,"nSPC",28,4.05084215605613,0.541800341406587,1.14698814939433,3.56172826074079,0.434299266165342,0.231305878497943,3.33168682237131
"104","S.MARIAN","Saipan","Forereef",2011,"nSPC",30,15.7803788564773,2.20702322176595,1.86469531905428,7.05519619798756,4.65346411766949,0.422886324311989,1.92522304684996,3539.0108798,3539.0108798,"S.MARIAN","Saipan","Forereef",2011,"nSPC",30,2.90516505466597,1.22539480903267,0.275373825337258,1.42928604762287,0.98427465490748,0.326162313981532,0.596608017683167
"105","S.MARIAN","Saipan","Forereef",2014,"nSPC",48,18.8831226934501,2.40802120138057,3.40209685948804,8.79640366654498,4.27660096603653,0.0238062075075148,1.45135122961312,3539.0108798,3539.0108798,"S.MARIAN","Saipan","Forereef",2014,"nSPC",48,2.45136189192923,0.77246107508811,0.740278990058542,1.30899881787596,0.605400699321311,0.0237717126788278,0.355031123380792
"106","S.MARIAN","Tinian","Forereef",2011,"nSPC",19,22.6657515037204,3.24369714115164,4.49930359613949,8.32332421026453,6.59942655616474,0,2.20817429050347,1414.2063031,1414.2063031,"S.MARIAN","Tinian","Forereef",2011,"nSPC",19,3.84304694760514,1.00709939913811,1.90179302108179,1.50345065762369,1.63433955330745,0,0.567459550206773
"107","S.MARIAN","Tinian","Forereef",2014,"nSPC",19,14.494754368062,1.22569155259192,2.90920349952245,6.7207283115361,3.63913100441151,0.121228959442596,1.5512920929641,1414.2063031,1414.2063031,"S.MARIAN","Tinian","Forereef",2014,"nSPC",19,1.57131967604291,0.259066634549651,0.60067367678283,0.97560799943559,0.512891249629612,0.120973318112684,0.395676514930608
"108","SAMOA","Ofu & Olosega","Forereef",2010,"nSPC",30,37.4189607399074,6.07998764437903,4.55470774073629,19.8356581819402,6.9486071728519,1.47975959085883,4.20739248263748,793.3725,793.3725,"SAMOA","Ofu & Olosega","Forereef",2010,"nSPC",30,4.77430556685015,2.0483835977194,0.948193527078068,1.60218322897608,1.25832534621168,0.508059486454362,0.836217098579907
"109","SAMOA","Ofu & Olosega","Forereef",2012,"nSPC",30,96.5304363382925,18.1473830114667,18.6993726563777,39.9562148823711,19.727465788077,9.17855446337117,7.39895201450881,793.3725,793.3725,"SAMOA","Ofu & Olosega","Forereef",2012,"nSPC",30,10.537489666294,5.01996799391231,3.78873775392662,3.1768995839026,3.17825286224146,2.28110932887481,1.57445455256147
"110","SAMOA","Rose","Backreef",2010,"nSPC",6,19.4265521944191,7.31421129954201,0.776728646223774,5.27462448214877,6.06098776650451,1.45049345722929,0.014175867938448,171.3562,171.3562,"SAMOA","Rose","Backreef",2010,"nSPC",6,3.10886580587729,3.99261239570824,0.467620290199275,1.07951938760071,1.84281549772168,0.584773479015394,0.0127025930836956
"111","SAMOA","Rose","Backreef",2012,"nSPC",15,15.3160929434238,2.58778852898311,1.88059003142778,3.49322031375365,7.35449406925927,1.56049445060097,0.119147082794917,171.3562,171.3562,"SAMOA","Rose","Backreef",2012,"nSPC",15,3.32244723957316,0.646188802100571,0.989799590254442,1.07922064743567,1.42440771249005,0.911074232423461,0.0637510785108233
"112","SAMOA","Rose","Forereef",2010,"nSPC",24,33.6996251814071,9.37979032012887,7.79838679029969,12.5784077542421,3.94304031673635,0.930463157055668,1.68897885611659,120.295,120.295,"SAMOA","Rose","Forereef",2010,"nSPC",24,3.66412448536947,2.12609008734126,2.01356267908275,1.25900892333495,0.570936365574052,0.391234189384921,0.208140230283583
"113","SAMOA","Rose","Forereef",2012,"nSPC",33,61.3583355413634,21.33948301376,10.1166757168101,23.2708416478941,6.6313351628992,4.22456239426694,3.45330184749776,120.295,120.295,"SAMOA","Rose","Forereef",2012,"nSPC",33,5.25898441035135,3.43494078125403,2.00148476523965,2.60866717600723,0.761263427559512,1.64053728802503,0.332058475903579
"114","SAMOA","Swains","Forereef",2010,"nSPC",24,33.2176646970758,9.35446007068474,7.06457308751697,12.6583194597601,4.1403120791139,0.0260718274171295,0.314805742606946,280.50301822,280.50301822,"SAMOA","Swains","Forereef",2010,"nSPC",24,9.27561071138845,2.18548381839476,0.728779633525282,8.02169268180697,1.08382303396795,0.0156550023479898,0.141971395253827
"115","SAMOA","Swains","Forereef",2012,"nSPC",38,68.9425716490685,34.9480885173732,14.1353300978863,12.4905632126584,7.3685898211506,1.58099116665853,1.17786681230145,280.50301822,280.50301822,"SAMOA","Swains","Forereef",2012,"nSPC",38,14.7687475024859,13.9208796611754,1.65748183166581,2.58159844525611,1.01091726581992,1.03803158966142,0.56972874880798
"116","SAMOA","Tau","Forereef",2010,"nSPC",24,32.974498116071,4.97968174293083,3.68129385036338,18.0731357440571,6.24038677871969,6.58185697867344,1.89560463743723,903.87,903.87,"SAMOA","Tau","Forereef",2010,"nSPC",24,2.84548998964261,0.772092206317364,0.363544989919714,2.00440365560531,1.21000196682302,1.54774719687546,0.351104348797826
"117","SAMOA","Tau","Forereef",2012,"nSPC",22,57.8767289719201,6.15597859491178,10.2278536194589,27.7288970551823,13.7639997023671,7.7191556263586,3.9194069155654,903.87,903.87,"SAMOA","Tau","Forereef",2012,"nSPC",22,8.47135060760208,1.0836797599486,3.52817635836693,3.84651146835453,2.68967791140692,2.62486848640676,0.84097305867393
