,Mean.REGION,Mean.ISLAND,Mean.REEF_ZONE,Mean.ANALYSIS_YEAR,Mean.METHOD,Mean.N,Mean.TotFish,Mean.PISCIVORE,Mean.PLANKTIVORE,Mean.PRIMARY,Mean.SECONDARY,Mean.Large_excavators_bioeroders,Mean.Scrapers_small_excavators,Parrotfish,Mean.TotalArea,Mean.TotalAreaWithSamples,PooledSE.REGION,PooledSE.ISLAND,PooledSE.REEF_ZONE,PooledSE.ANALYSIS_YEAR,PooledSE.METHOD,PooledSE.N,PooledSE.TotFish,PooledSE.PISCIVORE,PooledSE.PLANKTIVORE,PooledSE.PRIMARY,PooledSE.SECONDARY,PooledSE.Large_excavators_bioeroders,PooledSE.Scrapers_small_excavators,ParrotfishSE
1,MHI,Hawaii,Forereef,2011.1,nSPC,41,25.49526366,3.524772846,2.330820385,13.54527987,6.094390556,1.190006217,1.59608087,2.786087087,16839.75154,12591.70879,MHI,Hawaii,Forereef,2011.1,nSPC,41,2.223501573,0.857257937,0.402713894,1.341217467,0.443209965,0.331207539,0.285024248,0.616231787
2,MHI,Hawaii,Forereef,2014.1,nSPC,153,38.40729,5.513744701,4.878034073,19.51248024,8.503030994,2.251438778,1.205801776,3.457240554,16839.75154,16173.20823,MHI,Hawaii,Forereef,2014.1,nSPC,153,2.062374414,0.627556149,0.639589436,1.370462444,0.405653209,0.487592862,0.160779371,0.648372232
3,MHI,Kauai,Forereef,2011.1,nSPC,23,26.69751769,6.109451768,5.152924279,8.717767281,6.717374359,0.97764337,0.498298821,1.475942191,18127.06718,13421.39484,MHI,Kauai,Forereef,2011.1,nSPC,23,4.316186195,1.305506042,2.292448683,1.734154913,1.10419494,0.439842408,0.231911897,0.671754306
4,MHI,Kauai,Forereef,2014.1,nSPC,57,23.06452007,3.03759692,2.63433143,9.930627183,7.461964538,2.082313908,0.669926614,2.752240522,18127.06718,18127.06718,MHI,Kauai,Forereef,2014.1,nSPC,57,3.842717556,1.118652708,0.672062547,1.996504996,0.979837456,1.428837267,0.253710441,1.682547708
5,MHI,Lanai,Forereef,2011.1,nSPC,42,31.97773242,7.192946315,5.555123489,13.66003038,5.569632242,1.047487142,3.884172043,4.931659185,3003.673894,1771.966002,MHI,Lanai,Forereef,2011.1,nSPC,42,3.439787802,3.156907904,0.805188567,1.484746989,0.635185063,0.586997494,0.718384692,1.305382185
6,MHI,Lanai,Forereef,2014.1,nSPC,44,28.47985711,3.554793244,6.127407436,11.57951311,7.21814332,0.613671365,2.149485533,2.763156897,3003.673894,3003.673894,MHI,Lanai,Forereef,2014.1,nSPC,44,3.923592391,0.913662502,1.438220472,1.610218862,1.682378667,0.444774686,0.424304404,0.86907909
7,MHI,Maui,Forereef,2011.1,nSPC,71,24.29100723,2.393150513,2.570235259,12.36946347,6.958157982,0.895478587,1.500190585,2.395669172,11122.18514,5631.280997,MHI,Maui,Forereef,2011.1,nSPC,71,2.636326541,0.469806413,0.534107834,2.232276363,1.038723741,0.475055764,0.27898348,0.754039244
8,MHI,Maui,Forereef,2014.1,nSPC,61,37.38710774,3.918692613,11.79496229,14.0100031,7.66344973,0.470719144,1.745615763,2.216334907,11122.18514,6991.545585,MHI,Maui,Forereef,2014.1,nSPC,61,8.02482323,0.887339236,7.749981939,1.744648971,0.78819693,0.363464296,0.460351822,0.823816118
9,MHI,Molokai,Forereef,2011.1,nSPC,60,25.25144532,2.279577818,1.906319946,13.9736945,7.091853049,1.672475856,1.986643974,3.65911983,12730.29362,10894.83202,MHI,Molokai,Forereef,2011.1,nSPC,60,3.89138516,0.418406399,0.4889619,3.041507197,1.504791121,0.531388297,0.423879108,0.955267405
10,MHI,Molokai,Forereef,2014.1,nSPC,87,44.941897,4.0138139,15.35826259,17.61782737,7.951993142,2.027948372,1.813900446,3.841848819,12730.29362,12730.29362,MHI,Molokai,Forereef,2014.1,nSPC,87,7.566332231,0.677724224,7.462222052,2.357782404,0.893453469,0.946280891,0.352533785,1.298814677
11,MHI,Niihau,Forereef,2011.1,nSPC,11,66.92487513,21.66745298,5.509001127,21.08098112,18.66743991,2.888146463,2.375806727,5.26395319,9265.801311,4634.449896,MHI,Niihau,Forereef,2011.1,nSPC,11,15.85700501,3.933314986,4.028331047,3.576035407,9.274768747,0.836009228,0.988232226,1.824241454
12,MHI,Niihau,Forereef,2014.1,nSPC,75,63.44052927,15.88287445,5.334420301,28.08776746,14.13546706,3.771792539,2.287780703,6.059573242,9265.801311,9265.801311,MHI,Niihau,Forereef,2014.1,nSPC,75,6.008408439,2.494128441,1.260225026,4.052827446,2.09596681,0.826182866,0.803408302,1.629591168
13,MHI,Oahu,Forereef,2011.1,nSPC,71,9.441924478,0.526170527,1.050829578,3.840893487,4.024030886,0.144170533,0.234356228,0.378526761,25118.82285,18927.48721,MHI,Oahu,Forereef,2011.1,nSPC,71,1.086967675,0.150827563,0.234394924,0.772175034,0.28432948,0.074157697,0.08599519,0.160152888
14,MHI,Oahu,Forereef,2014.1,nSPC,96,14.26588837,0.928831787,1.855844436,6.306535452,5.174676698,0.393971564,0.456627209,0.850598773,25118.82285,23470.6437,MHI,Oahu,Forereef,2014.1,nSPC,96,1.367668247,0.190272443,0.347175077,0.861697985,0.515232986,0.216947868,0.113659442,0.330607311
15,N.MARIAN,Agrihan,Forereef,2011,nSPC,20,84.91317356,33.3597686,20.134985,22.98983394,8.428586028,5.993056441,3.450976447,9.444032888,850.6272749,850.6272749,N.MARIAN,Agrihan,Forereef,2011,nSPC,20,18.70996837,11.90259243,8.554400062,3.942039954,1.001446763,2.373539058,0.914944884,3.288483942
16,N.MARIAN,AGS,Forereef,2011,nSPC,22,66.60094452,27.91593769,12.01100351,17.4434393,9.230564027,2.722602515,3.803321457,6.525923971,743.8643353,510.3779814,N.MARIAN,AGS,Forereef,2011,nSPC,22,12.24263316,7.431794051,5.714717239,1.447046996,1.230342577,0.70413569,0.376056755,1.080192445
17,N.MARIAN,AGS,Forereef,2014,nSPC,29,89.08454583,37.40509381,18.30456382,22.44379292,10.93109529,2.571352168,3.824045616,6.395397783,743.8643353,607.1113116,N.MARIAN,AGS,Forereef,2014,nSPC,29,18.37400678,15.2853899,6.451812913,2.230841978,2.720674968,0.960018034,0.609918269,1.569936303
18,N.MARIAN,Asuncion,Forereef,2011,nSPC,20,62.86397422,17.61351384,12.52384009,20.61816387,12.10845642,4.568088748,3.309035665,7.877124413,248.6053417,248.6053417,N.MARIAN,Asuncion,Forereef,2011,nSPC,20,11.07266172,4.988972067,6.336079839,3.415105547,4.671469242,2.032470553,0.729328876,2.761799429
19,N.MARIAN,Asuncion,Forereef,2014,nSPC,21,76.02107839,26.11144025,22.10043974,18.96270255,8.846495849,0.925276561,1.686473499,2.611750061,248.6053417,248.6053417,N.MARIAN,Asuncion,Forereef,2014,nSPC,21,12.47009077,8.9307986,5.493786053,3.059282434,1.564212927,0.591536466,0.394506625,0.986043091
20,N.MARIAN,Farallon de Pajaros,Forereef,2011,nSPC,12,87.16470465,37.68549345,18.92429784,18.12623956,12.42867379,0.586762074,2.317950194,2.904712269,138.460079,138.460079,N.MARIAN,Farallon de Pajaros,Forereef,2011,nSPC,12,11.55339652,9.883918504,4.056517375,3.15442056,3.231851682,0.479948199,0.636592574,1.116540773
21,N.MARIAN,Farallon de Pajaros,Forereef,2014,nSPC,9,79.76512252,30.20831117,19.5918186,18.76236269,11.20263005,1.414416122,1.570771225,2.985187348,138.460079,105.543532,N.MARIAN,Farallon de Pajaros,Forereef,2014,nSPC,9,10.43303441,7.520990063,8.3552995,2.707091806,2.50592654,1.002652773,0.550820688,1.553473461
22,N.MARIAN,Maug,Forereef,2011,nSPC,30,48.75855774,13.68028294,10.10268767,19.00551723,5.970069889,1.009002863,4.194413614,5.203416476,313.8707018,313.8707018,N.MARIAN,Maug,Forereef,2011,nSPC,30,6.630070727,3.485782353,2.547364313,1.850281774,0.860623674,0.372590387,0.58140254,0.953992927
23,N.MARIAN,Maug,Forereef,2014,nSPC,40,53.74392346,16.42858276,13.60381904,16.76871091,6.942810744,1.537509285,3.092891102,4.630400387,313.8707018,313.8707018,N.MARIAN,Maug,Forereef,2014,nSPC,40,5.383670304,3.553904705,2.813761648,1.414255153,0.684976876,0.311454317,0.35903024,0.670484558
24,N.MARIAN,Pagan,Forereef,2011,nSPC,29,45.02700848,10.78706832,9.188042879,17.20391042,7.847986865,2.875942948,2.381328735,5.257271682,1512.923954,1512.923954,N.MARIAN,Pagan,Forereef,2011,nSPC,29,4.772674004,1.888023219,2.02655979,2.148425659,1.46854323,0.948255774,0.423380584,1.371636358
25,N.MARIAN,Pagan,Forereef,2014,nSPC,43,68.70520125,26.19122711,13.59591181,19.5128255,9.405236837,3.343600421,2.665559661,6.009160081,1512.923954,1512.923954,N.MARIAN,Pagan,Forereef,2014,nSPC,43,8.963098537,6.407359266,3.50316364,2.890912147,0.868103521,0.830303134,0.373945411,1.204248546
26,NWHI,French Frigate,Backreef,2014,nSPC,3,34.5169473,3.513703467,0.304614493,24.01813482,6.680494518,0.963062381,0,0.963062381,669.453395,669.453395,NWHI,French Frigate,Backreef,2014,nSPC,3,33.2639693,3.48818106,0.304443812,23.81639399,5.656387688,0.962522762,0,0.962522762
27,NWHI,French Frigate,Forereef,2010,nSPC,9,120.6380213,94.86731835,2.497665069,17.69413161,5.578906269,1.959436892,3.796987125,5.756424017,8873.241665,5635.788451,NWHI,French Frigate,Forereef,2010,nSPC,9,77.62324872,76.31739511,0.799453402,3.899148719,0.797964005,0.966326863,1.638949659,2.605276523
28,NWHI,French Frigate,Forereef,2012,nSPC,3,135.1205531,68.15995968,3.00555817,8.612790144,55.3422451,0.824917754,1.357730524,2.182648278,8873.241665,4786.898844,NWHI,French Frigate,Forereef,2012,nSPC,3,89.89803493,38.13506953,1.290662278,5.954719989,45.04625799,0.824853128,1.357624157,2.182477285
29,NWHI,French Frigate,Forereef,2014,nSPC,24,373.3437784,315.9088074,28.45013099,17.33399482,11.65084522,1.650286149,3.794154994,5.444441143,8873.241665,8873.241665,NWHI,French Frigate,Forereef,2014,nSPC,24,163.9100673,159.0043565,10.56887096,3.028672047,2.446452703,0.845503076,0.918454451,1.763957527
30,NWHI,French Frigate,Forereef,2015,nSPC,6,57.58998517,29.98665539,6.100865744,12.93248936,8.569974675,0,1.390881304,1.390881304,8873.241665,8024.352058,NWHI,French Frigate,Forereef,2015,nSPC,6,15.92853316,13.14763989,3.166556345,7.538319086,1.67762325,0,1.390772339,1.390772339
31,NWHI,French Frigate,Lagoon,2010,nSPC,16,91.1404047,69.75692327,1.603900928,12.91309516,6.866485338,0.819330354,5.762853884,6.582184238,18254.7361,18254.7361,NWHI,French Frigate,Lagoon,2010,nSPC,16,25.60120374,25.47490043,0.401487454,2.25642889,1.041101504,0.548298591,1.378075861,1.926374452
32,NWHI,French Frigate,Lagoon,2011,nSPC,6,138.8358852,98.24045277,0.68351034,16.60681918,23.30510289,2.126356704,5.225598701,7.351955405,18254.7361,7195.024278,NWHI,French Frigate,Lagoon,2011,nSPC,6,51.95058882,42.96471309,0.285958024,6.300941063,17.07326679,0.895031519,1.584255557,2.479287076
33,NWHI,French Frigate,Lagoon,2012,nSPC,10,96.31702704,62.95512066,2.430654657,17.06379155,13.86746017,1.324408103,6.249577169,7.573985272,18254.7361,16115.73745,NWHI,French Frigate,Lagoon,2012,nSPC,10,28.88428509,27.03790922,0.824203245,2.293479558,2.128528265,1.191108562,1.018066233,2.209174795
34,NWHI,Gardner,Forereef,2011,nSPC,12,87.08312306,73.13035936,5.365492232,3.824972664,4.762298797,0.132841099,0.067946275,0.200787374,31733.17828,31733.17828,NWHI,Gardner,Forereef,2011,nSPC,12,12.74505162,10.50081903,3.029761289,0.650285841,0.987067202,0.132809699,0.067930214,0.200739913
35,NWHI,Kure,Backreef,2010,nSPC,3,37.08428095,4.983481413,0.895332626,22.37555842,8.829908492,6.162833074,3.391161354,9.553994429,313.2284126,313.2284126,NWHI,Kure,Backreef,2010,nSPC,3,11.53311874,4.077092777,0.441183623,4.110893435,4.223821378,4.699992607,1.697860163,6.39785277
36,NWHI,Kure,Backreef,2012,nSPC,3,60.03847857,7.126425494,0,18.92076554,33.99128753,2.952714937,0.480730986,3.433445923,313.2284126,313.2284126,NWHI,Kure,Backreef,2012,nSPC,3,8.711116305,7.117888557,0,5.493490744,1.63240572,1.85593242,0.480155105,2.336087525
37,NWHI,Kure,Forereef,2010,nSPC,16,76.62423444,43.16108464,4.726465378,19.44109642,9.295588008,5.453597674,2.840881409,8.294479083,2438.486088,2438.486088,NWHI,Kure,Forereef,2010,nSPC,16,14.43114329,14.58541213,1.231034718,3.8377506,0.452179891,1.70975132,0.736231913,2.445983233
38,NWHI,Kure,Forereef,2012,nSPC,13,287.2723448,141.0159351,109.1873245,20.91985959,16.14922564,5.939511575,2.618242761,8.557754336,2438.486088,2218.654243,NWHI,Kure,Forereef,2012,nSPC,13,128.8640083,35.30666325,103.7554509,4.216152961,1.997270945,1.685254652,1.086048792,2.771303445
39,NWHI,Kure,Forereef,2015,nSPC,4,134.5299286,96.96961378,5.976960513,20.08177116,11.50158315,3.488305415,5.072381,8.560686416,2438.486088,1122.511521,NWHI,Kure,Forereef,2015,nSPC,4,29.02622478,20.4185221,2.21830096,7.37795991,1.322967679,2.085446917,2.893973459,4.979420375
40,NWHI,Kure,Lagoon,2010,nSPC,6,18.57811539,4.743302336,0.200915172,5.344071202,8.289826684,0.295477278,1.872791348,2.168268626,947.6579879,947.6579879,NWHI,Kure,Lagoon,2010,nSPC,6,6.940586356,2.20030708,0.161423986,2.464156294,4.241863303,0.147438407,1.042773807,1.190212214
41,NWHI,Laysan,Forereef,2011,nSPC,21,80.89174564,54.94695975,1.967102994,13.80843214,10.16925077,1.049455053,1.304949792,2.354404845,3399.611461,3199.611461,NWHI,Laysan,Forereef,2011,nSPC,21,12.40593934,12.78260892,0.992226267,3.971783312,2.212926641,0.482489311,0.483295701,0.965785012
42,NWHI,Laysan,Forereef,2015,nSPC,6,51.59875072,27.17479782,2.733251264,11.95908957,9.731612069,0.639717621,2.600151434,3.239869055,3399.611461,3199.611461,NWHI,Laysan,Forereef,2015,nSPC,6,13.17939702,5.850179502,1.252640708,6.910670797,2.703569895,0.639550533,2.200343091,2.839893624
43,NWHI,Lisianski,Forereef,2010,nSPC,25,176.5362484,152.8625996,1.657342469,13.91305158,8.103254779,1.119566666,6.481809241,7.601375907,30954.92927,30954.92927,NWHI,Lisianski,Forereef,2010,nSPC,25,74.04686194,75.04474102,0.458453217,1.960662041,2.602783309,0.360412072,0.985669764,1.346081836
44,NWHI,Lisianski,Forereef,2011,nSPC,8,1041.630381,1010.850758,3.025955414,19.24461413,8.509053551,0.782066697,7.203288365,7.985355062,30954.92927,25113.54541,NWHI,Lisianski,Forereef,2011,nSPC,8,727.7188058,729.4058209,1.156890559,2.930791774,2.498565614,0.545779044,3.165395094,3.711174138
45,NWHI,Lisianski,Forereef,2012,nSPC,25,205.0184762,161.9218776,5.417254461,26.28689029,11.39245389,4.27591095,7.781905009,12.05781596,30954.92927,30954.92927,NWHI,Lisianski,Forereef,2012,nSPC,25,31.27278157,30.30705527,3.223611147,3.043166449,2.441793919,1.046654278,1.115206179,2.161860457
46,NWHI,Lisianski,Forereef,2014,nSPC,28,172.6164311,150.8762031,1.757982514,14.14291028,5.839335232,0.808609441,8.065606372,8.874215812,30954.92927,30954.92927,NWHI,Lisianski,Forereef,2014,nSPC,28,43.00359319,44.12776877,0.365164934,1.850023732,0.643576533,0.376587629,1.101766277,1.478353907
47,NWHI,Lisianski,Forereef,2015,nSPC,18,283.674084,242.1081524,2.227988613,29.04689819,10.29104484,0.704793795,13.28900829,13.99380209,30954.92927,30954.92927,NWHI,Lisianski,Forereef,2015,nSPC,18,133.4926238,134.4895413,0.476253959,5.401953489,1.524315371,0.498974463,2.453780807,2.95275527
48,NWHI,Maro,Forereef,2011,nSPC,21,119.295465,79.32139211,6.681120527,24.05291933,9.240033067,1.96590808,7.439479782,9.405387862,25606.67941,25606.67941,NWHI,Maro,Forereef,2011,nSPC,21,27.16070526,23.55601381,3.041745549,5.865488155,1.602179392,1.15762405,1.325445366,2.483069416
49,NWHI,Maro,Forereef,2015,nSPC,17,94.55508203,36.41056364,14.72622474,26.07070647,17.34758717,2.584446275,10.59114594,13.17559221,25606.67941,25606.67941,NWHI,Maro,Forereef,2015,nSPC,17,12.70040818,10.74016523,7.509937939,3.169898343,6.242620981,1.152617898,1.839879584,2.992497482
50,NWHI,Maro,Lagoon,2011,nSPC,4,69.05712743,43.34247994,0.17179368,14.3981108,11.144743,0,9.390999203,9.390999203,390.4628442,182.6414462,NWHI,Maro,Lagoon,2011,nSPC,4,29.05323342,34.00177558,0.072325425,2.362024799,6.803438166,0,1.734141573,1.734141573
51,NWHI,Midway,Backreef,2011,nSPC,5,34.83712817,4.091848985,0.305402931,18.77052671,11.66934955,5.457525028,0.553158281,6.010683309,414.9599651,414.9599651,NWHI,Midway,Backreef,2011,nSPC,5,7.337776111,1.872873982,0.193994904,4.365107947,3.787441907,2.672108205,0.337075195,3.009183401
52,NWHI,Midway,Backreef,2014,nSPC,4,31.77537037,0.174689098,0.075324129,16.46045724,15.0648999,2.519370971,2.990628098,5.509999069,414.9599651,414.9599651,NWHI,Midway,Backreef,2014,nSPC,4,15.56160611,0.060694162,0.041191268,10.40742962,5.593967262,1.552825033,1.574482819,3.127307852
53,NWHI,Midway,Forereef,2011,nSPC,17,152.1856319,70.49344524,8.640457706,58.4391693,14.61255968,10.79765991,4.084683197,14.88234311,3293.64352,3293.64352,NWHI,Midway,Forereef,2011,nSPC,17,32.48582149,21.29473115,3.352447919,20.25707619,1.819408701,2.310504648,1.182429535,3.492934183
54,NWHI,Midway,Forereef,2014,nSPC,30,174.5160967,81.65577795,15.7069468,58.54978131,18.60359066,10.5691333,4.141422111,14.71055541,3293.64352,3293.64352,NWHI,Midway,Forereef,2014,nSPC,30,27.48227366,21.62299239,5.204591252,9.390091665,3.294972023,1.529889799,0.788742797,2.318632596
55,NWHI,Midway,Forereef,2015,nSPC,12,164.5290242,74.43622221,15.71283083,54.20650759,20.17346353,6.764146398,4.724883028,11.48902943,3293.64352,3293.64352,NWHI,Midway,Forereef,2015,nSPC,12,32.32249585,28.69125446,4.289387315,12.21707164,2.762119197,1.372612486,1.822953373,3.195565859
56,NWHI,Midway,Lagoon,2011,nSPC,6,90.40222628,12.72779996,1.597516625,59.01022261,17.06668708,12.14749353,2.539801918,14.68729545,1286.986453,890.879595,NWHI,Midway,Lagoon,2011,nSPC,6,14.27373978,5.355525632,0.597882498,10.19052583,3.235150743,2.685882815,0.675223157,3.361105972
57,NWHI,Necker,Forereef,2011,nSPC,6,137.0616425,24.36125131,78.93607768,16.557321,17.20699252,0,0.518628949,0.518628949,636.6217793,628.0848076,NWHI,Necker,Forereef,2011,nSPC,6,62.4888159,16.96929764,45.7730507,1.622059368,8.923138866,0,0.518232914,0.518232914
58,NWHI,Nihoa,Forereef,2011,nSPC,4,82.15222609,14.48725956,8.049439694,49.53982853,10.07569831,0.607692773,3.171061745,3.778754518,409.8660958,52.68378472,NWHI,Nihoa,Forereef,2011,nSPC,4,19.92490754,7.041280931,1.946446245,11.1369266,3.167333418,0.601897782,2.517220822,3.119118604
59,NWHI,Pearl & Hermes,Backreef,2010,nSPC,7,45.53892419,16.91373546,0.069094848,24.76291021,3.793183672,0.35353618,0.587236068,0.940772248,1471.478356,1471.478356,NWHI,Pearl & Hermes,Backreef,2010,nSPC,7,26.05421101,12.14984385,0.027219488,20.80781215,1.200929336,0.228070882,0.470071906,0.698142787
60,NWHI,Pearl & Hermes,Forereef,2010,nSPC,24,278.6535628,254.1005457,2.646073582,12.47297983,9.433963705,1.249396756,4.015565541,5.264962297,8497.529244,8497.529244,NWHI,Pearl & Hermes,Forereef,2010,nSPC,24,139.2018488,139.2877688,0.523743567,1.90930414,2.275498589,0.267059907,1.045882675,1.312942582
61,NWHI,Pearl & Hermes,Forereef,2011,nSPC,9,203.8949071,167.482003,6.297723433,20.54451277,9.570667921,2.132489499,5.021410747,7.153900246,8497.529244,3043.397765,NWHI,Pearl & Hermes,Forereef,2011,nSPC,9,74.45513364,72.21965225,1.937308863,5.342234335,1.904927286,1.371687995,1.921208955,3.29289695
62,NWHI,Pearl & Hermes,Forereef,2012,nSPC,15,246.9623642,212.1693085,7.473125568,14.05952406,13.26040611,2.215232814,3.054354466,5.26958728,8497.529244,7881.9259,NWHI,Pearl & Hermes,Forereef,2012,nSPC,15,85.29256884,82.50718001,2.548605966,2.516840761,3.302083088,0.968884962,0.667614654,1.636499616
63,NWHI,Pearl & Hermes,Forereef,2015,nSPC,21,311.202725,219.4762962,33.63605238,43.57467674,14.5156997,1.312974961,6.263670238,7.576645199,8497.529244,8497.529244,NWHI,Pearl & Hermes,Forereef,2015,nSPC,21,89.78182065,60.30117024,15.76965677,20.5093425,1.716339011,0.422753081,1.326188626,1.748941707
64,NWHI,Pearl & Hermes,Lagoon,2010,nSPC,10,71.10302808,54.71812584,0.53456027,12.04735082,3.802991144,0.747083259,4.970125651,5.71720891,7843.057086,7843.057086,NWHI,Pearl & Hermes,Lagoon,2010,nSPC,10,13.27945663,14.53769755,0.122751365,2.520102137,0.992276495,0.560374877,1.732724588,2.293099465
65,NWHI,Pearl & Hermes,Lagoon,2011,nSPC,7,97.33319352,75.44306875,0.301140304,12.97081636,8.618168115,1.098823431,6.350833959,7.44965739,7843.057086,5161.106161,NWHI,Pearl & Hermes,Lagoon,2011,nSPC,7,33.87353256,32.84870618,0.111800173,3.528548857,1.621559155,0.525091845,2.597018551,3.122110396
66,NWHI,Pearl & Hermes,Lagoon,2012,nSPC,15,174.7589162,151.6470877,0.960997364,14.04123842,8.109592689,3.339568006,5.411472119,8.751040124,7843.057086,7843.057086,NWHI,Pearl & Hermes,Lagoon,2012,nSPC,15,47.87078711,47.98214564,0.390956997,4.532198673,2.347749722,2.222212854,1.431368372,3.653581226
67,PRIAs,Baker,Forereef,2010,nSPC,21,78.02095397,40.59049531,15.78636209,13.91264058,7.731455993,0.525129644,2.798648929,3.323778573,390.2758016,390.2758016,PRIAs,Baker,Forereef,2010,nSPC,21,17.56264401,14.37642902,3.939860198,2.367891614,1.830923813,0.216882128,0.777571296,0.994453424
68,PRIAs,Baker,Forereef,2012,nSPC,24,126.6873523,67.58100629,19.92594688,29.0397834,10.14061574,2.854017804,3.771772063,6.625789867,390.2758016,390.2758016,PRIAs,Baker,Forereef,2012,nSPC,24,31.30738201,24.84322098,2.995434299,7.181129778,1.317036107,1.072710442,1.228264051,2.300974493
69,PRIAs,Baker,Forereef,2015,nSPC,36,259.1451692,43.55005249,170.5214239,26.93625953,18.13743327,2.519681315,3.521766269,6.041447584,390.2758016,390.2758016,PRIAs,Baker,Forereef,2015,nSPC,36,120.5679299,9.544119322,117.6413719,7.491623051,4.325887353,0.84197231,0.727961546,1.569933855
70,PRIAs,Howland,Forereef,2010,nSPC,16,73.18885799,27.34770603,20.43829519,13.76273262,11.64012415,2.15916357,1.044950609,3.204114179,172.8528668,172.8528668,PRIAs,Howland,Forereef,2010,nSPC,16,14.19346699,6.535073306,4.178546869,1.313211436,4.68995327,0.754712671,0.386863361,1.141576032
71,PRIAs,Howland,Forereef,2012,nSPC,39,156.5726441,47.84647145,65.79893573,22.59190935,20.3353276,2.941620792,0.767799566,3.709420358,172.8528668,172.8528668,PRIAs,Howland,Forereef,2012,nSPC,39,29.4240793,7.392842363,29.02514228,3.397844085,6.407084241,0.820450305,0.242290321,1.062740627
72,PRIAs,Howland,Forereef,2015,nSPC,35,274.3864811,55.44105966,187.488724,19.28369598,12.17300146,0.329341103,1.157207704,1.486548806,172.8528668,172.8528668,PRIAs,Howland,Forereef,2015,nSPC,35,91.07279108,8.337498073,87.67398661,3.422490666,1.272356004,0.204018943,0.205589827,0.40960877
73,PRIAs,Jarvis,Forereef,2010,nSPC,30,178.0451085,114.8068023,20.08624559,30.15283331,12.99922733,3.30047095,7.404245338,10.70471629,365.9056523,365.9056523,PRIAs,Jarvis,Forereef,2010,nSPC,30,25.4395631,25.4818198,3.664458822,2.121584455,0.758029612,0.712704953,0.674378443,1.387083396
74,PRIAs,Jarvis,Forereef,2012,nSPC,42,252.5402582,131.0496192,50.01493585,51.42463702,20.05106616,9.515069128,9.177876423,18.69294555,365.9056523,365.9056523,PRIAs,Jarvis,Forereef,2012,nSPC,42,27.70614226,21.78187548,10.44546152,5.774631514,3.675586953,1.807869319,1.093707786,2.901577104
75,PRIAs,Jarvis,Forereef,2015,nSPC,62,230.0944924,63.13909024,123.4340811,29.37621912,14.14510189,4.607402439,5.830822857,10.4382253,365.9056523,365.9056523,PRIAs,Jarvis,Forereef,2015,nSPC,62,59.66150443,9.482496297,57.63914413,3.116449442,1.190568687,0.815342995,0.67423923,1.489582224
76,PRIAs,Johnston,Backreef,2010,nSPC,11,28.99498094,5.074252591,2.740455992,17.49026697,3.690005384,6.742040966,3.721039984,10.46308095,671.8700036,670.6677797,PRIAs,Johnston,Backreef,2010,nSPC,11,6.669396031,0.805764894,1.062537711,6.700267941,0.316063632,6.442698919,0.622138722,7.064837641
77,PRIAs,Johnston,Backreef,2012,nSPC,7,30.0463751,5.640906652,1.229850736,18.16850102,5.007116694,0.924307998,5.001055354,5.925363353,671.8700036,670.6677797,PRIAs,Johnston,Backreef,2012,nSPC,7,3.162811042,1.939154115,0.608220032,2.111497993,0.934471442,0.57814682,0.866307183,1.444454002
78,PRIAs,Johnston,Forereef,2010,nSPC,8,83.4125578,39.91984775,10.53665442,27.73446274,5.22159289,1.334020791,1.635068501,2.969089291,713.3760333,478.6258021,PRIAs,Johnston,Forereef,2010,nSPC,8,20.01070878,17.70545151,4.124870935,6.70286973,1.55040439,1.010629596,1.036150162,2.046779758
79,PRIAs,Johnston,Forereef,2012,nSPC,7,57.22802659,19.0028935,11.02293775,18.26195709,8.940238246,0.730680411,3.158937802,3.889618213,713.3760333,478.6258021,PRIAs,Johnston,Forereef,2012,nSPC,7,14.23407521,7.674445748,3.980702188,5.581306437,1.878211987,0.728328395,0.865140659,1.593469054
80,PRIAs,Johnston,Forereef,2015,nSPC,23,145.0827833,12.71017474,91.28248867,33.80201929,7.288100597,4.220091255,6.600781928,10.82087318,713.3760333,478.6258021,PRIAs,Johnston,Forereef,2015,nSPC,23,68.90923207,3.369851338,64.25534416,5.345036121,1.524404405,1.550238744,2.096708889,3.646947633
81,PRIAs,Johnston,Lagoon,2010,nSPC,20,34.53123922,17.61721751,0.881725118,13.57999494,2.452301642,0.950778291,2.831999325,3.782777616,8024.948681,8024.948681,PRIAs,Johnston,Lagoon,2010,nSPC,20,8.478382224,6.523990461,0.305016396,2.21007468,0.293353219,0.451950705,0.836148572,1.288099276
82,PRIAs,Johnston,Lagoon,2012,nSPC,17,40.14378432,12.28241586,4.72966842,16.26088221,6.870817835,0.651502664,5.308759898,5.960262561,8024.948681,5114.165779,PRIAs,Johnston,Lagoon,2012,nSPC,17,5.46959862,3.475056393,2.327995806,2.539427441,2.27460286,0.395503757,0.991108067,1.386611824
83,PRIAs,Johnston,Lagoon,2015,nSPC,5,37.05958672,11.64982787,0.29840402,19.2985728,5.81278203,0.633444483,7.996708338,8.630152821,8024.948681,3936.545626,PRIAs,Johnston,Lagoon,2015,nSPC,5,3.803139015,6.933528331,0.058492651,4.814716103,0.844606743,0.633343904,2.347889396,2.981233299
84,PRIAs,Kingman,Backreef,2010,nSPC,7,46.75907527,18.54737313,1.749846298,16.94694285,9.514912993,5.545524384,3.212131684,8.757656068,2158.729712,1998.442758,PRIAs,Kingman,Backreef,2010,nSPC,7,6.557879171,2.196454327,0.519316286,4.964309454,1.919888985,2.020156819,1.141757012,3.161913831
85,PRIAs,Kingman,Backreef,2012,nSPC,12,169.1417161,110.3161033,7.469828616,41.86750628,9.488277905,17.82055252,8.194806284,26.0153588,2158.729712,2158.729712,PRIAs,Kingman,Backreef,2012,nSPC,12,42.900728,44.15142173,3.212287559,10.03635999,0.747232069,7.850042576,1.950378219,9.800420795
86,PRIAs,Kingman,Backreef,2015,nSPC,3,121.1319204,86.35452352,1.76210811,23.68009074,9.335198023,9.774151276,3.778212393,13.55236367,2158.729712,1464.254273,PRIAs,Kingman,Backreef,2015,nSPC,3,30.54826676,20.5276658,0.641251249,9.809767782,2.259790192,2.313703268,2.19486746,4.508570728
87,PRIAs,Kingman,Forereef,2010,nSPC,19,352.1430548,215.8624836,100.9436433,20.89750081,14.43942711,7.363229127,4.780964708,12.14419383,351.0841695,351.0841695,PRIAs,Kingman,Forereef,2010,nSPC,19,69.37555422,44.2933881,38.06514956,3.615969067,5.632229936,1.604410815,1.451197229,3.055608044
88,PRIAs,Kingman,Forereef,2012,nSPC,26,356.7810077,234.869007,49.59682669,54.14434135,18.17083266,9.286779709,5.438538982,14.72531869,351.0841695,351.0841695,PRIAs,Kingman,Forereef,2012,nSPC,26,46.62345414,25.42839213,9.75676081,31.93082293,2.629546123,2.073925158,0.866484105,2.940409262
89,PRIAs,Kingman,Forereef,2015,nSPC,34,224.4901402,143.6251977,54.6379011,17.30739796,8.919643445,9.026687327,2.739720534,11.76640786,351.0841695,351.0841695,PRIAs,Kingman,Forereef,2015,nSPC,34,24.92119322,17.03714509,11.91924139,1.872825802,0.626160855,1.345812612,0.61985597,1.965668583
90,PRIAs,Kingman,Lagoon,2010,nSPC,4,108.6811687,27.63336282,32.27069634,39.86572535,8.911384159,22.34188864,5.187708678,27.52959732,1198.248553,938.403659,PRIAs,Kingman,Lagoon,2010,nSPC,4,38.36278245,5.465814953,24.61344595,10.92529374,1.007976119,10.43064006,2.570422664,13.00106272
91,PRIAs,Kingman,Lagoon,2012,nSPC,11,128.9637566,83.08351734,6.221763794,25.60671902,14.05175642,10.46251639,4.010026172,14.47254256,1198.248553,1174.411509,PRIAs,Kingman,Lagoon,2012,nSPC,11,39.34234461,34.22622982,2.115766498,3.596478464,4.366754521,1.905475226,1.482896534,3.38837176
92,PRIAs,Kingman,Lagoon,2015,nSPC,8,160.3422112,111.5830557,18.79910216,20.45644031,9.503613054,12.78222769,3.10446716,15.88669485,1198.248553,1174.411509,PRIAs,Kingman,Lagoon,2015,nSPC,8,37.34586787,27.10748838,12.15542985,3.07400223,1.478280687,2.579247079,0.379848463,2.959095542
93,PRIAs,Palmyra,Forereef,2010,nSPC,38,180.1187746,74.93050176,19.98124366,70.29591876,14.91111046,4.004282347,6.335105609,10.33938796,2793.351013,2793.351013,PRIAs,Palmyra,Forereef,2010,nSPC,38,35.38585802,15.97965524,4.405470359,24.88333858,2.669961614,1.873643642,0.853416093,2.727059735
94,PRIAs,Palmyra,Forereef,2012,nSPC,42,214.8682461,77.30544866,67.98171883,33.41747015,36.1636085,5.195261569,12.05047191,17.24573348,2793.351013,2793.351013,PRIAs,Palmyra,Forereef,2012,nSPC,42,33.03923092,10.10076635,26.26519056,3.716458442,7.720012296,1.579140453,1.3688601,2.948000553
95,PRIAs,Palmyra,Forereef,2015,nSPC,78,99.64047393,54.68854927,8.790045339,17.85190766,18.30997166,2.543396097,4.102659435,6.646055532,2793.351013,2793.351013,PRIAs,Palmyra,Forereef,2015,nSPC,78,10.10813612,6.315080948,1.241910168,1.468394438,4.986379635,0.626819994,0.308339737,0.935159731
96,PRIAs,Wake,Forereef,2011,nSPC,30,58.02846198,7.849486652,7.720073941,26.52630099,15.93260039,1.934605758,7.299484986,9.234090744,279.7508828,279.7508828,PRIAs,Wake,Forereef,2011,nSPC,30,6.590240803,1.036420661,2.149875158,2.036522784,5.560738551,0.77034048,0.726681957,1.497022437
97,PRIAs,Wake,Forereef,2014,nSPC,45,55.26786123,16.55027126,4.046214255,27.03048511,7.640890598,1.74457482,5.439433224,7.184008044,279.7508828,279.7508828,PRIAs,Wake,Forereef,2014,nSPC,45,8.1436754,5.491231774,0.823277133,4.548185925,1.169095105,0.538780925,1.21117105,1.749951975
98,S.MARIAN,Aguijan,Forereef,2011,nSPC,13,27.04811872,5.998564194,3.061166627,12.960354,5.028033897,0.285967136,1.925940577,2.211907712,405.5903238,405.5903238,S.MARIAN,Aguijan,Forereef,2011,nSPC,13,3.741626867,3.336785256,0.622220728,2.762691378,0.505139165,0.284464898,0.688219616,0.972684514
99,S.MARIAN,Aguijan,Forereef,2014,nSPC,8,33.65635504,9.650611711,7.989131629,10.55691599,5.459695709,1.559875355,1.949214091,3.509089446,405.5903238,248.2895944,S.MARIAN,Aguijan,Forereef,2014,nSPC,8,12.28162854,4.812841231,3.370154566,3.7400758,3.567483784,1.553323364,0.695056397,2.248379761
100,S.MARIAN,Guam,Forereef,2011,nSPC,133,30.30737678,4.573148125,2.945185115,15.66168149,7.127362046,1.050873567,6.209235405,7.260108972,7295.65,7094.02,S.MARIAN,Guam,Forereef,2011,nSPC,133,2.596932916,1.445956905,0.242265113,1.471926367,1.235473123,0.423276958,0.807203984,1.230480942
101,S.MARIAN,Guam,Forereef,2014,nSPC,73,16.62057366,3.43087449,1.343704731,8.34437877,3.501615665,0.065219248,1.636027811,1.701247059,7295.65,7094.02,S.MARIAN,Guam,Forereef,2014,nSPC,73,1.6703514,1.174725005,0.246230961,0.976479735,0.294375877,0.053862258,0.177458615,0.231320873
102,S.MARIAN,Rota,Forereef,2011,nSPC,24,23.08428167,2.081697124,1.300404567,10.54464565,9.157534326,1.469506451,1.852362753,3.321869204,1331.372152,1331.372152,S.MARIAN,Rota,Forereef,2011,nSPC,24,4.919605647,0.549837248,0.267837017,2.092119873,3.398109457,0.77628003,0.428548698,1.204828728
103,S.MARIAN,Rota,Forereef,2014,nSPC,28,19.98420331,2.031514251,2.520160728,12.04583797,3.386690362,0.334611909,4.845703014,5.180314924,1331.372152,1331.372152,S.MARIAN,Rota,Forereef,2014,nSPC,28,4.050842156,0.541800341,1.146988149,3.561728261,0.434299266,0.231305878,3.331686822,3.562992701
104,S.MARIAN,Saipan,Forereef,2011,nSPC,30,15.78037886,2.207023222,1.864695319,7.055196198,4.653464118,0.422886324,1.925223047,2.348109371,3539.01088,3539.01088,S.MARIAN,Saipan,Forereef,2011,nSPC,30,2.905165055,1.225394809,0.275373825,1.429286048,0.984274655,0.326162314,0.596608018,0.922770332
105,S.MARIAN,Saipan,Forereef,2014,nSPC,48,18.88312269,2.408021201,3.402096859,8.796403667,4.276600966,0.023806208,1.45135123,1.475157437,3539.01088,3539.01088,S.MARIAN,Saipan,Forereef,2014,nSPC,48,2.451361892,0.772461075,0.74027899,1.308998818,0.605400699,0.023771713,0.355031123,0.378802836
106,S.MARIAN,Tinian,Forereef,2011,nSPC,19,22.6657515,3.243697141,4.499303596,8.32332421,6.599426556,0,2.208174291,2.208174291,1414.206303,1414.206303,S.MARIAN,Tinian,Forereef,2011,nSPC,19,3.843046948,1.007099399,1.901793021,1.503450658,1.634339553,0,0.56745955,0.56745955
107,S.MARIAN,Tinian,Forereef,2014,nSPC,19,14.49475437,1.225691553,2.9092035,6.720728312,3.639131004,0.121228959,1.551292093,1.672521052,1414.206303,1414.206303,S.MARIAN,Tinian,Forereef,2014,nSPC,19,1.571319676,0.259066635,0.600673677,0.975607999,0.51289125,0.120973318,0.395676515,0.516649833
108,SAMOA,Ofu & Olosega,Forereef,2010,nSPC,30,37.41896074,6.079987644,4.554707741,19.83565818,6.948607173,1.479759591,4.207392483,5.687152073,793.3725,793.3725,SAMOA,Ofu & Olosega,Forereef,2010,nSPC,30,4.774305567,2.048383598,0.948193527,1.602183229,1.258325346,0.508059486,0.836217099,1.344276585
109,SAMOA,Ofu & Olosega,Forereef,2012,nSPC,30,96.53043634,18.14738301,18.69937266,39.95621488,19.72746579,9.178554463,7.398952015,16.57750648,793.3725,793.3725,SAMOA,Ofu & Olosega,Forereef,2012,nSPC,30,10.53748967,5.019967994,3.788737754,3.176899584,3.178252862,2.281109329,1.574454553,3.855563881
110,SAMOA,Rose,Backreef,2010,nSPC,6,19.42655219,7.3142113,0.776728646,5.274624482,6.060987767,1.450493457,0.014175868,1.464669325,171.3562,171.3562,SAMOA,Rose,Backreef,2010,nSPC,6,3.108865806,3.992612396,0.46762029,1.079519388,1.842815498,0.584773479,0.012702593,0.597476072
111,SAMOA,Rose,Backreef,2012,nSPC,15,15.31609294,2.587788529,1.880590031,3.493220314,7.354494069,1.560494451,0.119147083,1.679641533,171.3562,171.3562,SAMOA,Rose,Backreef,2012,nSPC,15,3.32244724,0.646188802,0.98979959,1.079220647,1.424407712,0.911074232,0.063751079,0.974825311
112,SAMOA,Rose,Forereef,2010,nSPC,24,33.69962518,9.37979032,7.79838679,12.57840775,3.943040317,0.930463157,1.688978856,2.619442013,120.295,120.295,SAMOA,Rose,Forereef,2010,nSPC,24,3.664124485,2.126090087,2.013562679,1.259008923,0.570936366,0.391234189,0.20814023,0.59937442
113,SAMOA,Rose,Forereef,2012,nSPC,33,61.35833554,21.33948301,10.11667572,23.27084165,6.631335163,4.224562394,3.453301847,7.677864242,120.295,120.295,SAMOA,Rose,Forereef,2012,nSPC,33,5.25898441,3.434940781,2.001484765,2.608667176,0.761263428,1.640537288,0.332058476,1.972595764
114,SAMOA,Swains,Forereef,2010,nSPC,24,33.2176647,9.354460071,7.064573088,12.65831946,4.140312079,0.026071827,0.314805743,0.34087757,280.5030182,280.5030182,SAMOA,Swains,Forereef,2010,nSPC,24,9.275610711,2.185483818,0.728779634,8.021692682,1.083823034,0.015655002,0.141971395,0.157626398
115,SAMOA,Swains,Forereef,2012,nSPC,38,68.94257165,34.94808852,14.1353301,12.49056321,7.368589821,1.580991167,1.177866812,2.758857979,280.5030182,280.5030182,SAMOA,Swains,Forereef,2012,nSPC,38,14.7687475,13.92087966,1.657481832,2.581598445,1.010917266,1.03803159,0.569728749,1.607760338
116,SAMOA,Tau,Forereef,2010,nSPC,24,32.97449812,4.979681743,3.68129385,18.07313574,6.240386779,6.581856979,1.895604637,8.477461616,903.87,903.87,SAMOA,Tau,Forereef,2010,nSPC,24,2.84548999,0.772092206,0.36354499,2.004403656,1.210001967,1.547747197,0.351104349,1.898851546
117,SAMOA,Tau,Forereef,2012,nSPC,22,57.87672897,6.155978595,10.22785362,27.72889706,13.7639997,7.719155626,3.919406916,11.63856254,903.87,903.87,SAMOA,Tau,Forereef,2012,nSPC,22,8.471350608,1.08367976,3.528176358,3.846511468,2.689677911,2.624868486,0.840973059,3.465841545