DIVEID,REGION,ISLAND,YEAR,STRATA,CENTROIDLAT,CENTROIDLON,PROJECTEDLENGTH_M,DEPTH_M,Surgeonfish,Triggerfish,Jack,Milkfish,Wrasse,Emperor,Snapper,Parrotfish,Tuna,Grouper,Barracuda,Shark,OTHER,TotFish
200102091,PRIAs,Baker,2001,Forereef,0.199363271,-176.4656677," 2,576 ", 11.8 ,0,0,3.29373359,0,0,0,6.357188034,0.320588712,0,0.586292578,0,1.013146016,5.092916668,16.6638656
200102093,PRIAs,Baker,2001,Forereef,0.187921152,-176.4718597," 2,647 ", 10.2 ,0.381427484,0,0.330004135,0,0,0,5.25567055,0.623896951,0,0.82569921,0,0.263822974,0.782476078,8.462997383
200201291,PRIAs,Baker,2002,Forereef,0.190029042,-176.4611078," 1,926 ", 14.5 ,0,0.683899687,4.074272533,0,0,0,7.568590848,0,0,0.392062064,18.70138569,20.10152734,5.62238232,57.14412049
200201292,PRIAs,Baker,2002,Forereef,0.202391451,-176.4708055," 3,350 ", 15.4 ,2.75335275,0,1.36879551,0,0,0,3.128672548,0,0,0,0,0.756629647,0.016420021,8.023870475
200401231,PRIAs,Baker,2004,Forereef,0.188149378,-176.4790382," 1,710 ", 14.2 ,5.28447052,0,3.860543529,0,0,0.211981715,6.687109483,0.312368985,1.378098461,0.834471167,0,26.08148262,18.62796873,63.27849521
200401232,PRIAs,Baker,2004,Forereef,0.187893223,-176.4648374," 1,632 ", 14.1 ,1.98237952,0.403539932,1.92398199,0,0,0,24.34730445,0.327277343,0,0.349719108,0.766603679,11.15784056,0,41.25864658
200401233,PRIAs,Baker,2004,Forereef,0.197785733,-176.4619828," 2,485 ", 14.1 ,11.02700037,0,1.949139818,0,0,0.145879909,7.610805533,0,0,0.229703922,0,11.49662073,0.048299118,32.5074494
200401234,PRIAs,Baker,2004,Forereef,0.202214034,-176.4805811," 2,614 ", 16.1 ,3.953184254,0.251966601,4.731211595,0,0,0.169325184,4.576273329,0,0,0.651699252,0,34.17505952,0.244357986,48.75307772
200401241,PRIAs,Baker,2004,Forereef,0.188716468,-176.460698," 1,487 ", 19.0 ,23.32052987,0,0.914014239,0,0,0,2.958700117,0.359338515,0,0,23.14682463,3.173011845,0,53.87241922
200401242,PRIAs,Baker,2004,Forereef,0.201363539,-176.4667408," 1,997 ", 11.0 ,0,0,1.451809168,1.023056868,0,0,1.762087382,0.267510156,0,0,0,0,0,4.504463574
200601301,PRIAs,Baker,2006,Forereef,0.205781568,-176.4770077, 930 , 19.8 ,0,0,2.267486391,0,0,0,3.080073676,0.888266671,0,0.613931579,0,3.166260488,0.01640544,10.03242424
200601302,PRIAs,Baker,2006,Forereef,0.202757984,-176.4670756," 1,425 ", 16.5 ,3.474392806,0.46237473,1.147584379,0,0,0,5.970786253,1.039867999,0,0.200353503,0,19.50383614,0,31.79919581
200601303,PRIAs,Baker,2006,Forereef,0.192161203,-176.4605485," 1,841 ", 15.4 ,0,0,0.988525158,0,0,0,1.099274374,0,0,0,0.1614085,1.708017112,0,3.957225144
200601304,PRIAs,Baker,2006,Forereef,0.198945502,-176.4848033," 1,916 ", 15.3 ,0.215879958,0.687532012,2.925466332,0,0,0,2.481662976,3.588973032,1.024949656,0.148958667,0,5.563605849,0,16.63702848
200601305,PRIAs,Baker,2006,Forereef,0.188284576,-176.4799634," 2,427 ", 13.0 ,0.35638403,0,0.33970242,0,0,0,0.90600771,0,0,1.0582314,0,0,0,2.660325561
200602011,PRIAs,Baker,2006,Forereef,0.196788579,-176.4624578," 2,631 ", 14.5 ,0.152928937,0,0.137720858,0,0,0,1.634656088,0,0,0,0.112935712,0.333398985,0,2.37164058
200802081,PRIAs,Baker,2008,Forereef,0.194109391,-176.4862499," 2,191 ", 13.2 ,0.257920611,0,0.735788549,0,0,0,1.517674096,0.47542417,0,0.063942963,0,3.018491564,0.160469866,6.22971182
200802082,PRIAs,Baker,2008,Forereef,0.187941523,-176.4776275," 1,259 ", 17.6 ,1.122288375,0.260480888,0.723469689,0,0,0,2.885868632,0,0,0.2225877,0,0.588465346,0,5.803160631
200802083,PRIAs,Baker,2008,Forereef,0.204763195,-176.4728236," 1,266 ", 16.2 ,0.986007138,0,0.143048855,0,0,0,2.799820257,0,0,0.221292443,0,3.368864071,70.57178263,78.0908154
200802091,PRIAs,Baker,2008,Forereef,0.199352962,-176.4630231," 1,608 ", 15.2 ,0.434510621,0,0.794509654,0.459901433,0.13982614,0,3.03437175,0.270504933,2.135602017,0.204048732,0.32489219,1.418894722,43.75173692,52.96879911
200802092,PRIAs,Baker,2008,Forereef,0.188595101,-176.4689912," 3,643 ", 15.2 ,0.534513429,0.090010303,1.423651619,0,0,0,2.896501229,0.142970365,0,0.153832294,0.041060573,24.30096171,0,29.58350152
200802093,PRIAs,Baker,2008,Forereef,0.19996121,-176.4835661," 2,478 ", 15.4 ,0.684182351,0,1.903313551,0,0,0,0.262638216,0.274443484,0.601793935,0.056540198,0,1.010222362,0.120437727,4.913571823
200802094,PRIAs,Baker,2008,Forereef,0,0," 2,190 ", 15.5 ,0.733058053,0,0.726961592,0,0,0,1.386664539,0.214700757,0,0,0,0,35.12067534,38.18206029
200802095,PRIAs,Baker,2008,Forereef,0,0," 2,190 ", 14.6 ,1.126846025,0.149716177,0.743626149,0,0,0,2.108903024,0,0,0.255872741,0,1.636502821,0.136260274,6.157727212
201002061,PRIAs,Baker,2010,Forereef,0.188011015,-176.4640166," 1,823 ", 16.6 ,6.767621798,0,0,0,0.493330661,0.102900995,3.728858803,0.142842468,0,0.07684734,0,6.658362084,0.84552439,18.81628854
201002062,PRIAs,Baker,2010,Forereef,0.195360235,-176.461957," 2,294 ", 12.6 ,0,0,0.099769732,0,0,0,0.827228631,0,0,0.143054955,0,0.888737739,0,1.958791058
201002063,PRIAs,Baker,2010,Forereef,0.201917552,-176.4798025," 2,913 ", 13.7 ,2.194859189,0,0.393667221,0,0,0,1.40310248,0.429619405,0,0.048095057,0,6.170881581,21.02929593,31.66952086
201002064,PRIAs,Baker,2010,Forereef,0.187700633,-176.475745," 2,075 ", 14.6 ,0.845564634,0,0.436475912,0,0,0,1.345684167,0,0,0.135043123,0,4.007123184,0,6.769891019
201002072,PRIAs,Baker,2010,Forereef,0.203617128,-176.4784859," 1,964 ", 13.5 ,0.537268164,0,0.642162696,0,0,0,0.700100491,0.239423491,0,0,0,0.37717851,0.036850557,2.532983908
201002073,PRIAs,Baker,2010,Forereef,0.192034337,-176.4868405," 1,851 ", 13.0 ,4.955925192,0,0.195690957,0,0.121462508,0.237853624,1.878801375,0,0,0.22704619,0,4.602386913,11.53997207,23.75913883
201002074,PRIAs,Baker,2010,Forereef,0.187631023,-176.4752187," 1,730 ", 16.1 ,0.653392279,0,0.676089859,0,0,0,2.786153024,0,0,0.080993602,0,1.243325978,1.597066072,7.037020814
201002075,PRIAs,Baker,2010,Forereef,0.19691988,-176.4616979," 2,157 ", 15.5 ,2.762775298,0,1.034706619,0,0,0.609428518,3.607115883,0.120745272,0,0,16.12501207,0,0,24.25978366
201203151,PRIAs,Baker,2012,Forereef,0.199421177,-176.4844441," 1,963 ", 15.9 ,0.496219644,0,1.116044438,0,0.114509915,0,2.503305705,1.008971472,14.80964099,0.215631051,0,13.45278236,3.437381231,37.1544868
201203152,PRIAs,Baker,2012,Forereef,0.204575224,-176.4746135," 1,805 ", 14.3 ,0.631599776,0,2.371929901,0,0,0,5.621977783,1.498078811,0,0.234538497,0,5.308904466,100.7152754,116.3823047
201203153,PRIAs,Baker,2012,Forereef,0.195493658,-176.4626178," 2,813 ", 14.7 ,0.584505923,0.318609892,0.640895461,0,0.079917531,0,7.124189629,1.344566994,0,0,6.796432085,3.585186609,0.064756082,20.53906021
201203154,PRIAs,Baker,2012,Forereef,0.188957421,-176.4825458," 2,076 ", 14.6 ,2.354201258,0,0.459100207,0,0.216556936,0,2.589146446,0.588133036,0.994483977,0.463391156,0,10.07375092,0.914900764,18.6536647
201203155,PRIAs,Baker,2012,Forereef,0.190113304,-176.4666281," 1,781 ", 10.5 ,0,0,0,0,0.415657172,0.123618915,6.188189322,0.651071849,0,0,0,0.372761888,287.7404817,295.4917808
201203161,PRIAs,Baker,2012,Forereef,0.19966798,-176.4843375," 1,885 ", 16.0 ,0.999156421,0,1.606449631,0,0,0,1.681333531,2.001812402,0.906600432,0.124968447,0,6.999517704,45.39490686,59.71474543
201203162,PRIAs,Baker,2012,Forereef,0.204980792,-176.4743356," 1,903 ", 16.3 ,6.040136469,0,0.737318391,0,0.282839909,0.154266504,3.658510481,2.02241718,0,0.331664616,0,0,28.51636611,41.74351966
201203163,PRIAs,Baker,2012,Forereef,0.189238755,-176.4834339," 2,021 ", 14.8 ,3.096815962,0,0.208868246,0,0.266325526,0,3.60663259,1.248251204,1.354218776,0,0,1.156448498,0.047017225,10.98457803
201203164,PRIAs,Baker,2012,Forereef,0.186904722,-176.4663418," 1,568 ", 17.7 ,1.249529586,0.209085814,0.199613811,0,0.270831059,0,6.584832192,0.292700099,1.408392287,0.156613508,0,0.472356173,21.78554712,32.62950165
201203165,PRIAs,Baker,2012,Forereef,0.198950585,-176.461797," 1,892 ", 16.2 ,2.215469486,0,2.654712652,0,0,0.232720991,5.592857671,1.105902529,2.788104049,0.378780885,47.23396522,14.64503247,0.049430737,76.89697669
201502081,PRIAs,Baker,2015,Forereef,0.19893805,-176.4846104," 2,157 ", 16.1 ,0.392893096,0,0,18.61341497,0.208434269,0,1.726513832,1.334749035,0,0.292618906,0,6.843518748,0.293987242,29.7061301
201502082,PRIAs,Baker,2015,Forereef,0.203351064,-176.4705283," 2,311 ", 14.2 ,2.882938811,0.189185741,2.36447086,0,0,0,4.374437783,0.853266175,0,0.060624614,0.550275113,9.544368565,0,20.81956766
201502083,PRIAs,Baker,2015,Forereef,0.188101545,-176.4786248," 2,393 ", 15.3 ,1.832229184,0,0,0,0,0,1.552824256,1.040096974,0,0.715737318,0,1.003971303,18.5087222,24.65358124
201502084,PRIAs,Baker,2015,Forereef,0.188582966,-176.4632296," 1,799 ", 16.0 ,0.925317755,0,0.084170067,0,0,0,2.961824596,0.144756207,0,0.13652684,0,1.330561058,31.60986682,37.19302334
201502085,PRIAs,Baker,2015,Forereef,0.190852956,-176.4612856," 2,849 ", 15.9 ,0.245780538,0.115092414,0.080321667,0,0,0,10.06822593,0.245861405,0,0.281679222,0,4.447006058,0,15.48396724
200102071,PRIAs,Howland,2001,Forereef,0.818218505,-176.6243772," 2,401 ", 13.3 ,4.181282308,0,2.307916788,0,0,0,1.786891239,1.518217338,0,0.4571722,0,3.096055353,0.064543741,13.41207897
200102073,PRIAs,Howland,2001,Forereef,0.796435949,-176.6121599," 2,325 ", 11.7 ,5.868358833,0,3.334819822,0,0,0.600981695,3.8219447,1.15057019,0,0.855893349,0,2.92495043,0,18.55751902
200202011,PRIAs,Howland,2002,Forereef,0.822893739,-176.6237402," 1,976 ", 13.0 ,0,0.333381964,0,0,0,0,1.509228518,0,0,0.28891823,31.95108467,4.863235633,0.027843715,38.97369274
200401211,PRIAs,Howland,2004,Forereef,0.792400911,-176.6136458," 1,974 ", 11.4 ,2.945753264,0,31.94704364,0,0,0.223058999,15.53319133,2.706346937,0,0,7.545580593,20.11159566,0,81.01257042
200401213,PRIAs,Howland,2004,Forereef,0.820369073,-176.6233222," 2,570 ", 13.2 ,1.913776933,0,0.354035427,0,0,0,6.225869229,0.623484697,0,0.222079241,0,11.52711206,7.558554155,28.42491174
200401214,PRIAs,Howland,2004,Forereef,0.809919301,-176.6110925," 1,833 ", 15.2 ,17.75712581,0.359304721,4.364881615,0,0,2.327169355,14.69218114,0.874205636,0,1.089842682,0,8.697281496,0.395676097,50.55766855
200401215,PRIAs,Howland,2004,Forereef,0.823783496,-176.62431," 2,168 ", 17.6 ,1.84119481,0.235768925,0,0,0,0,8.711438611,1.231786881,0,0.429771251,0,6.606551454,0.050740088,19.10725202
200401216,PRIAs,Howland,2004,Forereef,0.808350494,-176.6221854," 1,869 ", 12.2 ,5.618230613,0.352487747,1.118344471,0,0,0.473753684,13.40018743,0.792735209,0,0.203731088,0,22.27018168,0.688645787,44.91829771
200401221,PRIAs,Howland,2004,Forereef,0.790488724,-176.6156972," 2,215 ", 17.1 ,5.451077095,0,33.10361843,0,0,1.398905075,16.89832787,0.723539599,0,0,0,34.31021116,0,91.88567923
200401222,PRIAs,Howland,2004,Forereef,0.82384479,-176.6241386," 2,306 ", 17.2 ,3.505545215,0.507250498,1.257800393,0,0,0.575758818,5.510795645,1.852934956,0,0.452534729,0,6.211256142,0,19.8738764
200601281,PRIAs,Howland,2006,Forereef,0.810156217,-176.6225877," 1,147 ", 20.5 ,0.350893622,0,5.061582496,0,0,0,7.180112768,0,0,0.248874084,0,12.79569968,0,25.63716266
200601282,PRIAs,Howland,2006,Forereef,0.796057114,-176.6190453," 1,844 ", 17.7 ,4.137571212,0,8.274505783,0,8.953571935,0,4.18764791,1.448278163,41.81216215,0.154758818,0,8.030111729,1.558624939,78.55723264
200601283,PRIAs,Howland,2006,Forereef,0.790030807,-176.614702, 871 , 16.3 ,0.46223801,0,0,0,0,0,17.29651553,1.227231308,0,0.655691949,5.461692709,44.94930192,0.017521358,70.07019278
200601284,PRIAs,Howland,2006,Forereef,0.822114517,-176.6253979," 1,210 ", 14.3 ,0.665356709,0.544535122,0,0,0,0,3.839376425,1.324880094,0,0.471909523,0,22.09789528,9.505499738,38.44945289
200601291,PRIAs,Howland,2006,Forereef,0.820822458,-176.6187121," 1,954 ", 12.1 ,0.205950901,0,0.927350156,0,0,0,6.504869535,1.913782203,0,0.43821693,7.452489973,12.51702184,0,29.95968153
200601292,PRIAs,Howland,2006,Forereef,0.798847504,-176.6116339," 2,747 ", 14.3 ,0,0.426530158,1.26045707,0,0,0,3.618315889,0.583303421,0.360706744,0.138566142,0.216328687,41.9679832,0.440765889,49.0129572
200601293,PRIAs,Howland,2006,Forereef,0.793670995,-176.6177205," 1,542 ", 16.9 ,7.782910467,0,1.235125283,0,0,0,6.37169044,0.692857345,0,0.185091832,5.534076963,11.55572058,0,33.35747291
200802063,PRIAs,Howland,2008,Forereef,0.811516198,-176.6233036," 2,535 ", 12.7 ,0.438304761,0,5.088851595,0,0,0,1.394830961,0.205465195,0,0,0,3.09622494,314.9485402,325.1722177
200802064,PRIAs,Howland,2008,Forereef,0.793896727,-176.614663," 2,537 ", 12.5 ,0.439423499,0.129241003,0.142781985,0,0,0,2.094207327,0,0.390622401,0.220879603,4.224943087,3.94764158,0.010839773,11.60058026
200802065,PRIAs,Howland,2008,Forereef,0.813241401,-176.6138534," 3,323 ", 13.4 ,0.209079147,0.098658832,1.218169114,0,0,0,2.087731898,0.067750087,0.099935155,0.1830313,3.401023507,5.596124974,0,12.96150402
200802066,PRIAs,Howland,2008,Forereef,0.804730808,-176.6214303," 2,357 ", 15.5 ,0.296369564,0,0.380521404,0,0,0,1.502464691,0.110458922,0.304359673,0.129336028,0,0.433350745,0,3.156861026
200802071,PRIAs,Howland,2008,Forereef,0.795277874,-176.6120577," 2,189 ", 14.2 ,1.398894662,0,4.923076582,0,0,0.100576177,2.872635685,0.118969823,0,0.256016703,12.78728817,39.05476712,0.173187626,61.68541255
200802072,PRIAs,Howland,2008,Forereef,0.818180236,-176.6181519," 3,224 ", 15.5 ,0.32271548,0,0.257376674,0,0,0.058189994,1.893891057,0.403883475,0.178183886,0.130370349,0.207774455,4.050025372,0.006523464,7.508934205
200802073,PRIAs,Howland,2008,Forereef,0.807719427,-176.6221948," 2,352 ", 15.8 ,2.345158975,0,6.00803935,0,0,0,1.70266771,0,0.446345213,0.219433622,0,0.868847219,0.216915914,11.807408
201002031,PRIAs,Howland,2010,Forereef,0.795599655,-176.6127948," 2,604 ", 14.2 ,2.262977615,0,2.726122598,0,0,0.084536062,3.114298355,0.099996248,0,0.627245413,0,2.475446494,0,11.39062279
201002032,PRIAs,Howland,2010,Forereef,0.811157867,-176.6113425," 1,668 ", 15.1 ,2.617291865,0,0.699605854,0,0,0,3.860112343,0.419896066,0,0.280594935,0,3.265154409,0,11.14265547
201002033,PRIAs,Howland,2010,Forereef,0.79981933,-176.6202665," 1,664 ", 13.0 ,1.92416901,0,0.297001097,0,0.415878687,0,0.942752144,0.156510774,0,0,0,3.433683151,0,7.169994864
201002034,PRIAs,Howland,2010,Forereef,0.814510562,-176.6241634," 1,807 ", 13.7 ,1.941920702,0,7.831610257,0,0.842261562,0,1.941281727,0.14412047,0,0,0,0.976253021,0.594211469,14.27165921
201002035,PRIAs,Howland,2010,Forereef,0.821007529,-176.6181585," 1,600 ", 13.8 ,0.176590999,0,0,0,0,0,5.115401818,0.162754789,0,0.175119805,3.273378007,0.777466074,0,9.680711492
201002041,PRIAs,Howland,2010,Forereef,0.819268313,-176.6243998," 2,157 ", 15.2 ,1.389544702,0,0,0,0.487522234,0,1.797973763,0.765812428,0,0.129867101,0,1.364046671,0.025493161,5.960260061
201002042,PRIAs,Howland,2010,Forereef,0.806253411,-176.6217732," 1,640 ", 16.1 ,1.115247283,0,0.110448556,0,0,0,1.598599261,0,0,0,0,8.886326869,0.170010176,11.88063215
201002051,PRIAs,Howland,2010,Forereef,0.808027244,-176.6221815," 1,736 ", 23.8 ,0.805134817,0,0.313073536,0,0,0,2.086863058,0.75019785,0,0.216415184,0,7.760566565,0.618616032,12.55086704
201002052,PRIAs,Howland,2010,Forereef,0.792860178,-176.6142411," 1,926 ", 16.3 ,15.5801712,0,2.715929819,0,0,0,3.632780195,0.270361423,0,0.097530327,0,3.489430846,0.032377856,25.81858166
201002053,PRIAs,Howland,2010,Forereef,0.80351394,-176.609927," 1,441 ", 15.1 ,0.588239186,0,0,0,0,0,2.240579805,0,0,0,0,0,0.603782484,3.432601474
201002054,PRIAs,Howland,2010,Forereef,0.821628991,-176.6212427," 1,854 ", 14.5 ,1.170838765,0,0.195402462,3.521455637,0,0,1.770417122,1.312669461,0,0.151140979,0,0.645577463,0,8.767501888
201203111,PRIAs,Howland,2012,Forereef,0.797823287,-176.6198462, 756 , 15.4 ,4.293155562,0,2.503613475,0,0,0,1.074339964,0.606779269,17.1706574,0,0,16.34673551,0,41.99528118
201203112,PRIAs,Howland,2012,Forereef,0.793830845,-176.6123059," 1,565 ", 12.8 ,2.358523247,0,1.15288537,0,0,0,3.877419632,1.572606481,0,0.403327811,0,26.92785176,28.29079185,64.58340615
201203113,PRIAs,Howland,2012,Forereef,0.808100586,-176.6104855," 1,550 ", 14.3 ,0,0,0.720408659,16.58362114,0,0.141987588,4.223983375,0.631960356,0,0.649522538,0,9.696343964,0.516585875,33.1644135
201203114,PRIAs,Howland,2012,Forereef,0.820251,-176.6173687," 2,052 ", 15.5 ,0.94880672,0.159750928,1.211686868,0.720600171,0.109543843,0.107256966,3.332410449,2.561893666,0,0.695481085,0.57019593,4.240894624,0.073103404,14.73162465
201203115,PRIAs,Howland,2012,Forereef,0.809120108,-176.6224143," 1,711 ", 12.8 ,0.165087247,0,0.912888962,0,0,0,2.228064136,0.204629666,0,0.081855946,0,0.693479732,53.58346164,57.86946733
201203116,PRIAs,Howland,2012,Forereef,0.81661807,-176.6247202, 177 , 14.0 ,0,0,0,0,0,0,0,0,0,0,0,16.45340839,0,16.45340839
201203121,PRIAs,Howland,2012,Forereef,0.81336711,-176.6235409," 1,114 ", 13.6 ,0.314345621,0,0.866959351,0,0,0,1.875647481,4.155091238,1.36562772,0,0,0,0,8.577671412
201203122,PRIAs,Howland,2012,Forereef,0.796220472,-176.6190372," 1,908 ", 15.1 ,3.758189031,0,0.557339656,0,0,0,2.60573808,0,3.611808642,0.128704,0.096407284,2.460940066,1.141531868,14.36065863
201203123,PRIAs,Howland,2012,Forereef,0.797993456,-176.6111659," 2,420 ", 14.0 ,0.275851065,0,0.200353197,0,0,0,6.069325036,1.379348062,0,0.318701279,0,3.43267603,0,11.67625467
201203124,PRIAs,Howland,2012,Forereef,0.819344745,-176.616406," 2,029 ", 15.8 ,1.875901014,0,0.677817582,0,0,0,2.363064992,3.127667153,0,0.853854545,0.286012746,1.507873594,0.263060334,10.95525196
201502041,PRIAs,Howland,2015,Forereef,0.803577295,-176.6210703," 2,581 ", 13.5 ,0.328405389,0,0.823754267,0,0,0,2.371123893,0.403565678,0,0.095155759,0,2.830292536,22.47801088,29.3303084
201502042,PRIAs,Howland,2015,Forereef,0.792169933,-176.6143089," 1,654 ", 14.0 ,0.621192671,0,3.175624972,0,0,0,3.369714849,0.211746928,0,0.255986016,0,11.4801793,0.01662736,19.1310721
201502043,PRIAs,Howland,2015,Forereef,0.806742405,-176.6107077," 2,233 ", 13.6 ,1.083436189,0.45041939,0.633015728,0,0,0.320810977,5.738919309,0.156857129,0,0.438673599,0,5.439947556,0.345787124,14.607867
201502044,PRIAs,Howland,2015,Forereef,0.819950225,-176.6250772," 1,797 ", 16.7 ,0.926303713,0,0.225718939,0,0,0,1.380810647,0.434731349,0,0.554789618,0,2.554090927,0.199597306,6.276042499
201502045,PRIAs,Howland,2015,Forereef,0.817963008,-176.6167348," 2,882 ", 13.8 ,0.098025751,0.151675801,0,0,0,0,5.119999615,0.3925411,0,0.279442594,0,1.544526179,6.05871649,13.64492753
200102171,PRIAs,Jarvis,2001,Forereef,-0.363257102,-159.9973314," 2,763 ", 11.5 ,0,0,1.770230039,0,0,0.079660525,1.872625229,0.940445197,0,0.136637491,0,3.345757365,9.836549487,17.98190533
200102173,PRIAs,Jarvis,2001,Forereef,-0.379451794,-160.0109951," 2,234 ", 10.3 ,0.332722493,0,9.422238974,0,0.22261247,0,5.733659053,1.138761704,0.879212616,0.747915529,3.070093236,2.129059741,1.699056081,25.3753319
200203101,PRIAs,Jarvis,2002,Forereef,-0.378515304,-159.9757454," 2,878 ", 10.6 ,10.10706237,1.243415834,10.77313718,8.162401065,0,0,6.539876749,1.289349992,0,0,0.310814228,9.879962368,18.78658195,67.09260173
200403261,PRIAs,Jarvis,2004,Forereef,-0.382024518,-159.9974667," 2,421 ", 12.1 ,2.671975186,0,1.344815741,0,0,0,4.501968429,1.544592337,0,0,0,15.4214776,3.854602254,29.33943154
200403262,PRIAs,Jarvis,2004,Forereef,-0.376886064,-160.0135347," 2,254 ", 12.1 ,1.44415306,0.292209256,2.033372458,0,0,0,1.713095514,1.308335327,0,0.379855196,0,41.92710738,0.240519628,49.33864782
200403263,PRIAs,Jarvis,2004,Forereef,-0.366088022,-160.0063941," 1,472 ", 13.3 ,0,0,4.092487138,0,0,0,4.052666411,0.726034701,0,0.969774617,0,26.58654329,2.677929743,39.1054359
200403264,PRIAs,Jarvis,2004,Forereef,-0.362361439,-159.9944709," 2,050 ", 11.8 ,0.271904518,0,0.575591842,0,0,0,1.669361418,1.262193573,0,0.742722355,0,15.6633959,94.41665084,114.6018204
200403271,PRIAs,Jarvis,2004,Forereef,-0.37662951,-160.013743," 1,581 ", 17.3 ,7.186710833,0,2.485318969,0,0,0,3.832635324,3.416894079,0,1.082921876,18.79244553,38.56880975,9.197717642,84.563454
200403272,PRIAs,Jarvis,2004,Forereef,-0.38207082,-160.0048328," 1,482 ", 16.4 ,2.004637878,0.344857618,0.244454538,0,0,0,1.12132104,0.360345274,0,0.770109086,0,9.600959565,0.037108593,14.48379359
200403273,PRIAs,Jarvis,2004,Forereef,-0.382344351,-159.9828106," 1,421 ", 15.4 ,1.342299513,5.099063817,0.707076138,0,0,0,7.738635195,1.12784246,0,0,0,213.3852964,420.3825271,649.7827406
200603201,PRIAs,Jarvis,2006,Forereef,-0.361866597,-159.9960988," 1,282 ", 15.4 ,3.224796423,2.737650075,18.54707034,0,0,0.345265785,4.384392226,1.250044983,0,0,0,122.7371732,0,153.2263931
200603202,PRIAs,Jarvis,2006,Forereef,-0.366014581,-159.9827411," 1,844 ", 11.2 ,0.232484999,1.184112394,5.216781821,0,0,0,6.785326186,2.556913159,0,0.4510537,0,112.6450379,18.71333138,147.7850416
200603203,PRIAs,Jarvis,2006,Forereef,-0.377354434,-159.9745198," 2,374 ", 10.0 ,14.57543256,0.21531524,9.878957519,0,2.393125445,0,8.069104116,3.37477665,0,0.822987086,0,71.33007338,6.445421695,117.1051937
200603204,PRIAs,Jarvis,2006,Forereef,-0.367664775,-160.0078876," 1,924 ", 17.2 ,17.22778629,0,190.3364446,0,0,0,5.472214983,0.832786344,0,0.119937866,2.007550789,81.42764708,46.97559909,344.3999671
200603205,PRIAs,Jarvis,2006,Forereef,-0.380254439,-160.0114658," 2,004 ", 16.5 ,2.661665857,0.255113716,4.517486728,0,0,0,3.292314038,0,0,0.474825103,29.80561523,143.0370353,0,184.044056
200603206,PRIAs,Jarvis,2006,Forereef,-0.382231958,-160.001334, 564 , 21.2 ,7.450425031,0,1.285316229,0,0,0,1.560011852,0.94732876,0,1.012288127,0,94.78721239,0,107.0425824
200603211,PRIAs,Jarvis,2006,Forereef,-0.382076856,-159.9926013," 2,252 ", 12.4 ,1.887689764,0,4.590609589,0,0,0,2.691732326,3.321504606,0,0.253518843,0,8.071130977,0.024432194,20.8406183
200603213,PRIAs,Jarvis,2006,Forereef,-0.369886862,-160.0095516," 2,056 ", 15.2 ,1.400247909,0,2.311217687,0,0,0,0.64173042,2.338173325,0,0.138805801,0,4.676722272,0.026754069,11.53365148
200603214,PRIAs,Jarvis,2006,Forereef,-0.381373181,-160.0096375," 1,824 ", 14.4 ,5.672612829,0.280321904,0,0,0.276092406,0,1.688228631,2.876053807,0,0.312996487,70.0519408,36.29491078,0.058957284,117.5121149
200603221,PRIAs,Jarvis,2006,Forereef,-0.380221326,-159.9797341," 2,793 ", 10.5 ,0.144062041,0.471607726,1.821491179,0,0,0,3.95503475,1.912407064,0,0.102177145,0,7.982659997,13.18096369,29.57040359
200803261,PRIAs,Jarvis,2008,Forereef,-0.382023793,-159.9988793," 2,449 ", 15.8 ,5.777793198,0,1.38571563,18.77901094,0,0,1.546288195,0.638029291,0,0.114417079,0,6.935753632,0,35.17700797
200803262,PRIAs,Jarvis,2008,Forereef,-0.377492117,-159.9757283," 3,121 ", 14.5 ,0.399945491,0,1.777044735,0,0.678440544,0,3.405122634,1.151711428,0,0.134641391,0,59.30131739,8.305032138,75.15325575
200803263,PRIAs,Jarvis,2008,Forereef,-0.364240016,-159.987127," 2,114 ", 13.6 ,0.295271405,0,0.071623725,5.961592271,0,0,1.632766584,0.369536786,0,0.363486081,17.40464082,5.889524478,0,31.98844215
200803264,PRIAs,Jarvis,2008,Forereef,-0.366108605,-160.0062218," 2,260 ", 14.2 ,1.381095692,0,0.341699841,2.091346113,0,0,0.671920165,0.877063789,0,0.185977988,0,6.9064959,0,12.45559949
200803265,PRIAs,Jarvis,2008,Forereef,-0.378917346,-160.0126155," 1,863 ", 16.0 ,10.33816623,0,5.425458968,0,0,0,1.450540279,0.139795324,0.532017186,0.150416034,0,19.06201144,0.039948318,37.13835378
200803266,PRIAs,Jarvis,2008,Forereef,-0.382136018,-159.9951922," 2,455 ", 14.8 ,0.84748458,0,3.044873337,0,0,0,1.060230208,0.636384131,0,0.057061027,0,5.708274928,0,11.35430821
200803271,PRIAs,Jarvis,2008,Forereef,-0.376270409,-160.012129," 2,347 ", 11.7 ,0.678788505,0,1.105057346,0,0,0,0.369762978,0,0.239622247,0.059701342,27.87524634,20.84358379,0,51.17176255
200803284,PRIAs,Jarvis,2008,Forereef,-0.376153992,-160.0138055," 1,380 ", 21.5 ,7.184168759,0,0.393679501,0,0,0,0.314328013,0,0,0,0,25.96179817,0,33.85397445
200803285,PRIAs,Jarvis,2008,Forereef,-0.375986188,-159.9740641," 2,810 ", 20.4 ,0.074042503,0,0,0,0,0,1.080677846,0.185330702,0,0.199410885,0,19.8672846,25.20966332,46.61640986
200803286,PRIAs,Jarvis,2008,Forereef,-0.361888551,-159.9969695," 1,737 ", 24.5 ,1.230751192,0.19987821,0.104254712,0,0,0,1.123750107,0,0,0.080639512,0.244478749,17.62463348,0,20.60838596
201004011,PRIAs,Jarvis,2010,Forereef,-0.381933796,-160.0055311," 1,869 ", 13.2 ,0.552691673,0,2.340554006,0,0.120270947,0.117760127,1.827357766,1.693610484,0,0.131377441,0,27.88600541,9.341469381,44.01109724
201004012,PRIAs,Jarvis,2010,Forereef,-0.382091308,-159.9908596," 1,352 ", 16.9 ,0,0,99.11525407,0,0,0,3.393370309,1.114169186,0,0.232371448,0,55.81391711,266.196683,425.8657652
201004013,PRIAs,Jarvis,2010,Forereef,-0.382369681,-159.9823263," 1,106 ", 18.7 ,0,0.313971543,1.120940719,0,2.752026057,0,8.77126926,0.633316916,0,0,0,18.99134323,24.90863042,57.49149814
201004014,PRIAs,Jarvis,2010,Forereef,-0.380037148,-159.9729284," 1,995 ", 11.2 ,0.441139025,0,13.62065502,20.49081302,0.225443756,0,11.66298783,3.547356165,0,0,0.350979577,144.6784793,0,195.0178537
201004015,PRIAs,Jarvis,2010,Forereef,-0.37463978,-160.0127039," 2,073 ", 15.9 ,0.501838588,0,1.687076145,0,0,0.106191228,2.486427943,2.211741378,0,0.25362567,0,31.63758748,13.93965799,52.82414642
201004016,PRIAs,Jarvis,2010,Forereef,-0.3634177,-160.0041593," 1,327 ", 14.3 ,0.259497125,0,0.228171457,0,0,0,1.133601946,3.877793853,0,0,4.639175882,16.53221872,5.061485352,31.73194434
201004021,PRIAs,Jarvis,2010,Forereef,-0.362118302,-159.9952904," 1,659 ", 15.0 ,0,0.33662035,2.108765716,21.62431221,0,0,3.787312044,1.198090428,0,0.255203161,0,7.789034187,38.85447244,75.95381054
201004022,PRIAs,Jarvis,2010,Forereef,-0.365307081,-159.9833247," 1,230 ", 14.9 ,0,1.176983233,139.6208615,3.5383547,0,0.310537028,5.588879969,1.138940394,0,0,0,32.72677408,12.44189501,196.5432259
201004023,PRIAs,Jarvis,2010,Forereef,-0.373426213,-159.9748566," 2,385 ", 11.6 ,1.133969605,0,7.414826116,10.53351537,1.128861392,0,6.925017861,1.241326965,0,0.05873079,0.853489527,42.59831908,0,71.8880567
201205031,PRIAs,Jarvis,2012,Forereef,-0.375294281,-160.0124529," 2,148 ", 14.8 ,0.803602909,0,0.374133338,0,0,0,0.603724506,1.173081575,0,0.114350663,2.70849807,19.43150407,0,25.20889513
201205032,PRIAs,Jarvis,2012,Forereef,-0.382079564,-159.9954115," 2,983 ", 11.5 ,0.906713112,0,2.445875768,0,0,0.062881814,0.711499035,0.241153774,0,0,15.56487832,11.47719339,0,31.41019521
201205033,PRIAs,Jarvis,2012,Forereef,-0.38220362,-159.9775118, 698 , 10.3 ,0,0,1.637988763,0,0,0,2.607385913,0.657132884,0,0,0,47.08876391,0.109995817,52.10126728
201205034,PRIAs,Jarvis,2012,Forereef,-0.371261254,-159.9763407," 2,446 ", 12.3 ,0,0.817291549,1.801520585,0,0,0,2.081852822,0.143168532,0,0,0,33.23272266,0.125182022,38.20173817
201205041,PRIAs,Jarvis,2012,Forereef,-0.362351793,-159.9965616," 2,243 ", 14.6 ,0.227813196,0.403779003,0,0,0,0,0.452288986,0.825138827,0,0,0,8.757349459,0.0122603,10.67862977
201205042,PRIAs,Jarvis,2012,Forereef,-0.36273118,-160.000485," 2,036 ", 11.6 ,0.169145399,0,0.390551724,0,0.331268779,0.108117697,1.101985469,0.555671627,0,0.269996452,0,1.222260419,0,4.148997565
201205043,PRIAs,Jarvis,2012,Forereef,-0.37839492,-159.9742991," 2,598 ", 14.0 ,0.134772986,0.401020125,0.239584939,0,2.259375578,0,1.943376181,0.577671146,0,0.162983951,13.44295616,18.18343387,0,37.34517494
201504081,PRIAs,Jarvis,2015,Forereef,-0.378596737,-160.01247," 2,038 ", 14.2 ,0.102105795,0,0,0,0.746806327,0,0.355372508,0.299647685,0,0,0,50.79538469,0,52.299317
201504082,PRIAs,Jarvis,2015,Forereef,-0.382019388,-159.996793," 2,667 ", 11.7 ,0,0,0.757360824,0,0.084291223,0,0.979153408,2.238855448,0,0.387832384,0,3.844392581,44.82867223,53.1205581
201504083,PRIAs,Jarvis,2015,Forereef,-0.381441887,-159.977214," 2,056 ", 11.9 ,0,0,0,0,0,0,2.211092422,0.779081732,0,0,0,3.025742037,8.723542652,14.73945884
201504084,PRIAs,Jarvis,2015,Forereef,-0.36446879,-160.0030972," 2,517 ", 14.8 ,0,0,0.143895563,0,0.089313866,0,0.528829454,0.831127614,0,0.208862747,51.81729729,5.189033705,0,58.80836024
201504085,PRIAs,Jarvis,2015,Forereef,-0.365539983,-159.9840841," 2,084 ", 11.4 ,0,0,0.073739342,7.138372161,0,0,1.028808365,0.249915355,0,0,28.36673572,17.56925531,4.596043621,59.02286987
201504086,PRIAs,Jarvis,2015,Forereef,-0.378184061,-159.9755938," 2,922 ", 13.7 ,0.32936543,0.237684857,0.673052814,2.000332882,0,0,3.465911025,0.8212695,0,0.047946174,0,5.586704679,43.43186013,56.59412749
200401121,PRIAs,Johnston,2004,Forereef,16.71867909,-169.5593093," 2,115 ", 14.6 ,1.141732754,0,1.290944046,0,0,0,0,0,0,0,0,6.258198934,1.395471525,10.08634726
200401122,PRIAs,Johnston,2004,Forereef,16.70269057,-169.5609489," 1,925 ", 15.3 ,1.495595697,0,1.111269769,0,0,0,0,0,0,0,0,1.633503734,0.117390921,4.35776012
200401123,PRIAs,Johnston,2004,Forereef,16.67162397,-169.5593656," 2,069 ", 19.3 ,0,0,0.219881914,0,0,0,0,0.258153088,0,0,0,2.36381704,0,2.841852042
200401125,PRIAs,Johnston,2004,Forereef,16.69788665,-169.4726139," 2,628 ", 16.5 ,0,0,0,0,0,0,0.100644874,0,0,0,0,0,0.00580332,0.106448194
200401126,PRIAs,Johnston,2004,Forereef,16.68331958,-169.4842242," 1,121 ", 16.8 ,0,0,0.271861289,0,0,0,0,0,0,0,0,0,0.049085299,0.320946588
200401131,PRIAs,Johnston,2004,Forereef,16.74625898,-169.4011731," 1,239 ", 19.2 ,1.299528403,0,0,0,0,0,0.42714276,0.43127726,0,0,0,5.077655369,0.249367949,7.484971741
200401132,PRIAs,Johnston,2004,Forereef,16.70726905,-169.3677255," 1,314 ", 19.9 ,0,0,0,0,0,0,0.201374022,0,0,0,0,0,0,0.201374022
200401133,PRIAs,Johnston,2004,Forereef,16.71136858,-169.4463845," 1,302 ", 19.4 ,0,0,0,0,0,0,0.533128185,0,0,0,0,0,0,0.533128185
200401141,PRIAs,Johnston,2004,Forereef,16.78205191,-169.4934333," 1,542 ", 15.0 ,7.568978972,0,4.131524144,0,0,0,0,0,0,0,0.403322547,20.93449138,0.037292297,33.07560934
200401142,PRIAs,Johnston,2004,Forereef,16.7725854,-169.5108132," 2,295 ", 11.1 ,0.350652959,0,0,0,0,0,0,0,0,0,0,0,2.86677466,3.21742762
200401143,PRIAs,Johnston,2004,Forereef,16.75795396,-169.5324435," 1,883 ", 14.3 ,0.42729283,0,0,0,0,0,0.368495538,0,0,0,0.165074053,40.33443295,1.146088251,42.44138362
200401152,PRIAs,Johnston,2004,Forereef,16.72805174,-169.4294182," 1,917 ", 16.8 ,0.839527128,0,0,0,0,0,0,0,0,0,0,0,16.63047947,17.4700066
200401161,PRIAs,Johnston,2004,Forereef,16.70640834,-169.4027294," 1,028 ", 23.2 ,0,0,0,0,0,0,0.674964122,0.519487187,0,0,0,0,0.411713112,1.60616442
200401162,PRIAs,Johnston,2004,Forereef,16.68650735,-169.4637756," 1,973 ", 12.9 ,0.203917911,0,0.461135256,0,0,0,0.485767694,0,0,0,0,0,0.04801635,1.198837211
200401163,PRIAs,Johnston,2004,Forereef,16.73819328,-169.5487014," 2,627 ", 16.6 ,0,0,0,0,0,0,0.264239239,0.203372141,0,0,0.340561063,14.90268623,1.789009988,17.49986866
200601184,PRIAs,Johnston,2006,Forereef,16.71805907,-169.5594262," 2,430 ", 15.7 ,0.331155348,0,0.643425748,0,0,0,0,0,0,0,0,31.05420817,0.89450383,32.9232931
200601185,PRIAs,Johnston,2006,Forereef,16.73704935,-169.5498393," 1,082 ", 16.7 ,0,0,4.191168125,0,0,0,0,0,0,0,0,0,0,4.191168125
200601191,PRIAs,Johnston,2006,Forereef,16.75532956,-169.5344765," 3,320 ", 15.8 ,0,0,0.411166107,0,0,0,0,0,0,0,0,11.41583239,0.681493832,12.50849232
200601192,PRIAs,Johnston,2006,Forereef,16.77127808,-169.5156915," 1,310 ", 17.2 ,0,0,0,0,0,0,0.529892578,0,0,0,0,6.773067313,0.011645371,7.314605262
200601193,PRIAs,Johnston,2006,Forereef,16.77855077,-169.498728," 2,284 ", 14.4 ,0,0,0,0,0,0,0,0.192912494,0,0,0,0.688353911,0.060582736,0.941849142
200601194,PRIAs,Johnston,2006,Forereef,16.78797802,-169.4782072," 1,689 ", 17.5 ,0,0,0.269434918,0,0,0,0,0,0,0,0,5.166399222,0.078604964,5.514439104
200601195,PRIAs,Johnston,2006,Forereef,16.78484185,-169.4553771," 2,682 ", 14.4 ,0,0,0.1351359,0,0,0,0,0.164318593,0,0,0,0,0,0.299454493
200601201,PRIAs,Johnston,2006,Forereef,16.77647534,-169.4318935," 2,227 ", 14.1 ,0,0,0.204308585,0,0,0,0,0,0,0,0,0,0.013698586,0.218007171
200601202,PRIAs,Johnston,2006,Forereef,16.75862299,-169.4125037," 2,446 ", 16.0 ,0,0,0.055487767,0,0,0,0.108146515,0,0,0,0,0,0.062358744,0.225993026
200601203,PRIAs,Johnston,2006,Forereef,16.73683828,-169.4024535," 1,619 ", 21.2 ,0,0,0,0,0,0,0.163411956,0,0,0,0,0,0,0.163411956
200601224,PRIAs,Johnston,2006,Forereef,16.69023012,-169.5607507," 2,825 ", 14.3 ,0,0,0.257126071,0,0,0,0.280894604,1.323529687,0,0,0,3.895653817,0,5.757204179
200601225,PRIAs,Johnston,2006,Forereef,16.66235786,-169.562124," 1,096 ", 23.2 ,0,0,83.03885235,0,0,0,3.408152536,2.351941091,0,0,0,0,0,88.79894598
200801271,PRIAs,Johnston,2008,Forereef,16.71846727,-169.559398," 1,964 ", 14.5 ,0.105920473,0,0,0,0,0,0,0,0,0,0,25.91394027,0.731024268,26.75088501
200801272,PRIAs,Johnston,2008,Forereef,16.73270174,-169.5529766," 1,357 ", 14.9 ,0,0,0,0,0,0,0.269416803,0,0,0,0,2.019530208,0.028949735,2.317896746
200801273,PRIAs,Johnston,2008,Forereef,16.74455453,-169.5431834," 1,765 ", 14.7 ,0,0,0.388878357,0,0,0,0.076908145,0,0,0,0,0.578720757,0.13395612,1.178463379
200801274,PRIAs,Johnston,2008,Forereef,16.75725621,-169.5331497," 1,136 ", 14.9 ,0,0,0,0,0,0,0.315602549,0,0,0,0,3.617881428,0.01991355,3.953397527
200801275,PRIAs,Johnston,2008,Forereef,16.76627794,-169.5242781," 1,757 ", 14.2 ,0,0,0.704864359,0,0,0,0,0,0,0,0,1.603201173,0.017984623,2.326050155
200801276,PRIAs,Johnston,2008,Forereef,16.77256664,-169.5115103," 1,487 ", 14.3 ,0,0,0.418447959,0,0,0,0,0,0,0,0,0.921164862,0.545487098,1.885099918
200802012,PRIAs,Johnston,2008,Forereef,16.67802508,-169.5495832," 2,930 ", 18.4 ,0,0,0.078086573,0,0,0,0,0.088861605,0,0,0,0,0.008957912,0.17590609
200802013,PRIAs,Johnston,2008,Forereef,16.69326838,-169.5607167," 2,043 ", 17.2 ,0,0,0.721310613,0,0,0,0,0,0,0,0,0.500076204,0.393377991,1.614764807
201001241,PRIAs,Johnston,2010,Forereef,16.71714012,-169.5599475," 2,032 ", 15.8 ,0.268770859,0,0.089119561,0,0,0,0.318876757,0,0,0,0,15.40255549,0.140595086,16.21991775
201001242,PRIAs,Johnston,2010,Forereef,16.73752488,-169.5492775," 1,913 ", 15.4 ,0.326223573,0,7.530170329,0,0,0,0.344092665,0,0,0,0,4.01075162,0.244250545,12.45548873
201001243,PRIAs,Johnston,2010,Forereef,16.75213923,-169.5370535," 2,034 ", 15.1 ,0,0,0,0,0,0,0.259173861,0,0,0,0,0.583524139,0.185949625,1.028647624
201001251,PRIAs,Johnston,2010,Forereef,16.77386685,-169.5084804," 2,604 ", 15.1 ,0.079901115,0,0.371111411,0,0,0,0.340118783,0.097924792,0,0,0,1.878355054,0.051031808,2.818442963
201001252,PRIAs,Johnston,2010,Forereef,16.78597431,-169.4853712," 2,171 ", 15.7 ,0,0,0,0,0,0,0.242805932,0,0,0,0,0.631061155,0.430220747,1.304087833
201001253,PRIAs,Johnston,2010,Forereef,16.7869345,-169.4669459," 1,718 ", 14.3 ,0.242226268,0,0.153010196,0,0,0,0.503880685,0,0,0,0,0.431170213,1.666339226,2.996626588
201001254,PRIAs,Johnston,2010,Forereef,16.7841901,-169.4516143," 1,662 ", 16.5 ,0,0,0,0,0,0,0,0,0,0,0,0,0,0
201001255,PRIAs,Johnston,2010,Forereef,16.77808218,-169.4337799," 1,759 ", 14.5 ,0.236596767,0,0.260200004,0,0,0,0.421058554,0,0,0,0,0,0.858062414,1.775917739
201001256,PRIAs,Johnston,2010,Forereef,16.76613888,-169.4202268," 2,203 ", 15.2 ,0,0,0,0,0,0,0.642898164,0,0,0,0,0,0.609687967,1.25258613
201001281,PRIAs,Johnston,2010,Forereef,16.75853824,-169.4124796," 2,427 ", 14.3 ,0,0,0.268123834,0,0,0,0.305146008,0,0,0,0,1.06879563,0.068445617,1.710511089
201001282,PRIAs,Johnston,2010,Forereef,16.72610573,-169.3938759," 3,656 ", 21.2 ,0,0,0,0,0,0,0.144201544,0,0,0,0,0.279461027,0.017061447,0.440724018
201203022,PRIAs,Johnston,2012,Forereef,16.73199736,-169.5532926," 1,762 ", 14.2 ,0.745484757,0,0.223364182,0,0,0,0.223485945,1.20577691,0,0,0,0,0.11494698,2.513058774
201203023,PRIAs,Johnston,2012,Forereef,16.74306921,-169.5445465," 1,484 ", 13.7 ,0.140226684,0,0.616863605,0,0,0,0,0.343716573,0,0,0,1.059657811,1.060262354,3.220727026
201203031,PRIAs,Johnston,2012,Forereef,16.74601273,-169.5421593," 2,392 ", 15.0 ,0,0,0.317307126,0,0,0,0.054868207,0.288288373,0,0,0,0,0.70489494,1.365358647
201203032,PRIAs,Johnston,2012,Forereef,16.76298509,-169.5277431," 2,191 ", 14.4 ,0.219654169,0,0.461715472,0,0,0,0.061974912,0.116406552,0,0,0,0.62542244,0.35065962,1.835833165
201203033,PRIAs,Johnston,2012,Forereef,16.77251297,-169.5117211," 1,922 ", 14.3 ,1.094555382,0,0.284909875,0,0.094965109,0,0.545692162,0.871822984,0,0,0,0,0.100125772,2.992071284
201203034,PRIAs,Johnston,2012,Forereef,16.78159463,-169.4938063," 2,181 ", 12.9 ,0,0,0.35041259,0,0,0,0,0.119404884,0,0,0,0,0.9365515,1.406368974
201203035,PRIAs,Johnston,2012,Forereef,16.7876754,-169.4792456," 1,776 ", 13.6 ,0.548718201,0,1.751870098,0,0,0,0,0,0,0,0,0,1.567194272,3.867782571
201203041,PRIAs,Johnston,2012,Forereef,16.69316398,-169.5605776," 1,189 ", 15.2 ,0,0,2.226536969,0,0,0,0,0.509073623,0,0,0,0,0.357189639,3.092800232
201203051,PRIAs,Johnston,2012,Forereef,16.73139326,-169.3962568," 2,347 ", 21.8 ,0.177266378,0,0.097475365,0,0,0,0,0.554629119,0,0,0,0,0.919552148,1.748923011
201501261,PRIAs,Johnston,2015,Forereef,16.72252169,-169.5582652," 2,179 ", 17.4 ,0,0,0.083134483,0,0,0,0,0,0,0,0,0,0.188830829,0.271965311
201501262,PRIAs,Johnston,2015,Forereef,16.74056243,-169.5466133," 2,081 ", 14.3 ,0,0,0.808256413,0,0,0,0.210220842,0,0,0,0,0,1.666333228,2.684810483
201501263,PRIAs,Johnston,2015,Forereef,16.75822829,-169.5324544," 1,815 ", 17.5 ,0,0,0,0,0.10054747,0,0.096246655,0,0,0,0,0,0.869257417,1.066051542
201501264,PRIAs,Johnston,2015,Forereef,16.7691452,-169.5199854," 1,780 ", 15.0 ,0.414187152,0,0.71791944,0,0,0,0.245854215,0.143282201,0,0,0,0,0.235154121,1.756397128
201501265,PRIAs,Johnston,2015,Forereef,16.77639665,-169.5025611," 1,790 ", 15.7 ,0.116230082,0,0.347663009,0,0.101948549,0,0,0.41424516,0,0,0,0,0.946172316,1.926259116
201501271,PRIAs,Johnston,2015,Forereef,16.69924996,-169.5372196," 2,146 ", 17.0 ,0,0,0.283177716,0,0,0,0,0,0,0,0,0,0.094745364,0.37792308
201501272,PRIAs,Johnston,2015,Forereef,16.70947209,-169.5039158," 2,160 ", 14.1 ,0,0,0,0,0,0,0.121542598,0,0,0,0,0,0.52223584,0.643778439
201501273,PRIAs,Johnston,2015,Forereef,16.71412631,-169.4571304," 2,045 ", 16.0 ,0,0,0.223825442,0,0,0,0.224764503,0,0,0,0,0,0.012858361,0.461448305
201501274,PRIAs,Johnston,2015,Forereef,16.71857891,-169.4455071," 1,824 ", 17.3 ,0,0,0,0,0,0,0,0,0,0,0,0,0.52638662,0.52638662
201501281,PRIAs,Johnston,2015,Forereef,16.7442973,-169.4165679," 3,101 ", 14.1 ,0.377412691,0,0,0,0,0,0.311073391,0.166195518,0,0,0,0,0.021990323,0.876671923
201501282,PRIAs,Johnston,2015,Forereef,16.76039364,-169.4142926," 1,817 ", 15.1 ,0,0,0,0,0,0,0.197277445,0,0,0,0,0,0.092503382,0.289780827
201501283,PRIAs,Johnston,2015,Forereef,16.77556701,-169.4305962," 2,262 ", 14.8 ,0,0,0,0,0.080683269,0,0.550073169,0,0,0,0,0,2.45916141,3.089917849
201501284,PRIAs,Johnston,2015,Forereef,16.78417753,-169.4504961," 1,671 ", 18.1 ,0,0,0.136912511,0,0.109196104,0,0,0,0,0,0,0,0.022302404,0.268411018
201501285,PRIAs,Johnston,2015,Forereef,16.68753463,-169.5466897," 1,474 ", 17.1 ,0,0,0,0,0,0,0,0.172944605,0,0,0,0,0.033492165,0.20643677
200102231,PRIAs,Kingman,2001,Forereef,6.381335718,-162.4542664," 2,082 ", 11.2 ,0,0,0.22984218,0,0,0,1.981769784,0.793368369,0,0,0,1.582731333,0,4.587711665
200203184,PRIAs,Kingman,2002,Forereef,6.381898401,-162.3817862," 2,184 ", 10.1 ,0,0,0.663619464,0,0,0,11.47762118,0.756199981,3.420618162,0,0,29.57816979,0,45.89622858
200203186,PRIAs,Kingman,2002,Forereef,6.381530503,-162.4523365," 2,385 ", 11.0 ,0,0,0.381473069,0,0,0,1.9921215,0.173108552,0,0.119645159,0,7.819903811,0,10.48625209
200203191,PRIAs,Kingman,2002,Forereef,6.412856713,-162.3506775," 1,976 ", 15.5 ,0,0,0.230257566,0,0,0,5.342077062,0,0,0.1444359,0,0.795698239,0,6.512468767
200203193,PRIAs,Kingman,2002,Forereef,6.433847321,-162.3797515," 2,451 ", 13.0 ,0.176456323,0,0,0,0,0,4.126108876,0.842326608,0,0,0,12.04274431,0,17.18763612
200404023,PRIAs,Kingman,2004,Forereef,0,0," 2,190 ", 10.4 ,0,0,0,1.532382177,0,0,10.35483631,12.06761248,0,0.390966226,0,2.720841072,0.025118877,27.09175714
200404024,PRIAs,Kingman,2004,Forereef,0,0," 2,190 ", 12.5 ,0.734977049,0,0,0,0,0,6.209043061,0.661467168,0,0,0,7.288739569,0.025118877,14.91934572
200404025,PRIAs,Kingman,2004,Forereef,0,0," 2,190 ", 12.7 ,0,0,0.207757516,0,0,0,1.004180413,0.188556445,0,0,0,2.320261876,0,3.72075625
200404026,PRIAs,Kingman,2004,Forereef,0,0," 2,190 ", 14.5 ,0.748733238,0,0,0,0,0,2.366679183,0.37711289,0,0.130322075,0,9.596973301,0,13.21982069
200404031,PRIAs,Kingman,2004,Forereef,0,0," 2,190 ", 11.5 ,0,0,0.207757516,0,0,0,2.410999174,0.37711289,0,0.180264932,1.633834584,6.227353238,0,11.03732233
200404033,PRIAs,Kingman,2004,Forereef,0,0," 2,190 ", 13.0 ,0,0,5.190137589,0,0,0,1.606688661,3.205459564,0,0,0,53.24564767,14.52083333,77.76876682
200404034,PRIAs,Kingman,2004,Forereef,0,0," 2,190 ", 10.7 ,0,0,0.373229257,0,0,0,2.164876917,2.828346674,0,0.260644151,0,6.935036114,0,12.56213311
200404035,PRIAs,Kingman,2004,Forereef,0,0," 2,190 ", 10.6 ,0,0,0,0,0,0,0.200836083,0.188556445,0,0,0,0.801158391,27.27482877,28.46537969
200404036,PRIAs,Kingman,2004,Forereef,0,0," 1,095 ", 15.5 ,0,0,0,0,0,0,0,0,0,0,0,0,0,0
200404041,PRIAs,Kingman,2004,Forereef,0,0," 2,190 ", 12.9 ,0,0,0,0,0,0,0.200836083,0,0,0,0,1.435890186,0,1.636726268
200404042,PRIAs,Kingman,2004,Forereef,0,0," 2,190 ", 11.1 ,0,0,0,18.50059149,0,0,1.004180413,0.37711289,0,0,0,0,0,19.88188479
200603291,PRIAs,Kingman,2006,Forereef,6.390785426,-162.3352813," 2,320 ", 15.5 ,0.867063675,0,0.586886625,0,0,0,2.274522248,2.313406413,0,0.122994358,0,19.00825974,129.3797548,154.5528879
200603292,PRIAs,Kingman,2006,Forereef,6.408807282,-162.3467784," 2,444 ", 15.2 ,0.489981345,0.209162348,0,1.373045869,0,0,7.018176763,0.506851329,0,0,1.394062686,2.758729076,7.643024314,21.39303373
200603293,PRIAs,Kingman,2006,Forereef,6.423550886,-162.3648825," 1,750 ", 13.6 ,0.42506484,0.376427918,0,0,0,0,4.669899441,0,0,0,0,11.08202106,0,16.55341326
200603294,PRIAs,Kingman,2006,Forereef,6.434247135,-162.3801625," 2,084 ", 13.3 ,0.242230899,0,0,0,0,0,8.60480024,2.377287307,0,0.172016297,0,0,16.36277124,27.75910598
200603295,PRIAs,Kingman,2006,Forereef,6.445929468,-162.3960804," 1,729 ", 18.7 ,0.465466908,0,0.26314903,0,0,0,2.996450342,2.45840877,0,0,0,12.22970943,70.94604911,89.35923359
200603301,PRIAs,Kingman,2006,Forereef,6.382173255,-162.3867336," 2,405 ", 16.1 ,1.338374576,0.212539405,0.845402222,0,0,0,2.414260058,1.888460786,0,0,0,13.1406008,0.006341468,19.84597932
200603302,PRIAs,Kingman,2006,Forereef,0,0," 2,190 ", 10.0 ,0.183744262,0,0.56131858,0,0,0,20.28444434,6.222362683,0,0.651610376,0,10.13563759,0,38.03911784
200603303,PRIAs,Kingman,2006,Forereef,6.379663541,-162.4168136," 3,315 ", 10.1 ,0,0,0.137240692,0.308106046,0,0.133511867,3.175465506,0.249113653,0,0,0,4.926526591,3.788698821,12.71866318
200603304,PRIAs,Kingman,2006,Forereef,6.379768946,-162.4471896," 2,650 ", 12.0 ,0,0,0,0,0,0,1.493874319,0.623348879,0,0,0,1.697360829,7.049804894,10.86438892
200603305,PRIAs,Kingman,2006,Forereef,6.387020198,-162.4721213," 2,702 ", 13.1 ,0,0,0.336809145,0,0,0,2.116324347,0.305681046,0,0,0,1.813312056,0,4.572126594
200604021,PRIAs,Kingman,2006,Forereef,6.37999818,-162.3650775," 2,345 ", 14.3 ,1.385369345,0,0.903754218,0,0,0,4.125540815,2.993000355,0,0,2.078999303,11.44026166,0,22.92692569
200804041,PRIAs,Kingman,2008,Forereef,6.381703391,-162.4000455," 2,458 ", 15.3 ,0,0,0,4.486519004,0,0,2.031318331,0.170713849,0,5.315272216,0.617138007,29.06784966,0,41.68881107
200804042,PRIAs,Kingman,2008,Forereef,6.381004085,-162.3767163," 2,544 ", 13.6 ,0.081791225,0,0.26985251,0,0,0,1.334718433,0.494831567,0,0.078285734,0,2.198075099,0,4.457554568
200804043,PRIAs,Kingman,2008,Forereef,6.381257008,-162.3504892," 2,830 ", 14.4 ,0.246908694,0,0.451476515,0,0,0.077796828,0.891210429,2.891554188,0,0,1.500957155,4.606484915,0.013881212,10.68026994
200804044,PRIAs,Kingman,2008,Forereef,6.40205055,-162.3407828," 2,412 ", 13.2 ,0,0,0.094870389,0,0,0,2.158393154,1.04378937,0,0,0,9.675306468,0,12.97235938
200804045,PRIAs,Kingman,2008,Forereef,6.417853908,-162.35683," 2,783 ", 15.0 ,0,0,7.387213638,0,0,0,1.480731647,0,0,0,0,5.05548049,0,13.92342578
200804046,PRIAs,Kingman,2008,Forereef,6.435390823,-162.381945," 2,839 ", 13.0 ,0.064205303,0,0.062285797,1.109952299,0,0,1.986838848,0.591277826,0,0,0.320624268,4.27312158,0,8.408305922
200804051,PRIAs,Kingman,2008,Forereef,6.450230817,-162.4091452," 2,459 ", 17.6 ,0.93087317,0,0.09306713,0,0,0,1.588025442,1.03019684,0,0,0,2.846442431,0,6.488605013
200804052,PRIAs,Kingman,2008,Forereef,6.432362114,-162.4284373," 2,706 ", 17.1 ,0,0,0.169117289,0,0,0,2.2166029,0.465168398,0,0.073592818,0,2.643222366,0,5.56770377
200804053,PRIAs,Kingman,2008,Forereef,6.411142407,-162.4530683," 2,821 ", 15.4 ,0,0,0.757824571,1.116868021,0,0,1.768539126,0.297480935,0,0.099320178,0,0.967531924,0.009748371,5.017313126
200804054,PRIAs,Kingman,2008,Forereef,6.393038759,-162.4762017," 2,725 ", 17.6 ,0,0,4.285817042,0,0,0,2.149619191,0.154006862,0,0.051418384,0,6.185628893,105.7105195,118.5370098
200804055,PRIAs,Kingman,2008,Forereef,6.381150733,-162.4626587," 2,327 ", 16.2 ,0.268276793,0,1.868589675,0,0,0.378456907,1.796412715,0.360679348,0,0.060210139,0,10.6512696,0,15.38389517
200804056,PRIAs,Kingman,2008,Forereef,6.379056443,-162.4378818," 2,673 ", 13.9 ,0.700587771,0,0.428044125,0,0,0,3.164985851,0.725349282,0,0.157234947,0,14.85837186,0.005642613,20.04021645
201004141,PRIAs,Kingman,2010,Forereef,6.378777801,-162.4273297," 1,935 ", 14.9 ,0,0,0,0,0,0.227532127,3.777093896,7.381586412,0,0.194182179,0,21.62261713,0,33.20301174
201004142,PRIAs,Kingman,2010,Forereef,6.38171181,-162.4018586," 1,963 ", 13.2 ,0,0,0,0,0,0,2.477875716,1.210089056,0,0.196480961,0,62.01884712,0.019795866,65.92308872
201004143,PRIAs,Kingman,2010,Forereef,6.381869482,-162.381498," 1,844 ", 16.5 ,0.902634914,0,0,0,0,0,2.831454803,0.22753676,0,0,0,10.37199102,0.005467858,14.33908535
201004144,PRIAs,Kingman,2010,Forereef,6.380102679,-162.3606942," 2,395 ", 13.8 ,0.117953829,0,0.164295054,0,0,0,0.664558301,3.221935348,0,0.058485573,0,6.314896092,0,10.5421242
201004145,PRIAs,Kingman,2010,Forereef,6.384741152,-162.3376931," 1,914 ", 14.5 ,0,0,0,0,0,0,1.794626371,2.520720993,0,0,0,33.53354225,9.122398372,46.97128799
201004146,PRIAs,Kingman,2010,Forereef,6.402884961,-162.3414913," 2,171 ", 13.8 ,0,0,0,0,0,0,1.36633063,0.193245655,0,0,6.856582236,17.77063867,0,26.1867972
201004151,PRIAs,Kingman,2010,Forereef,6.418624547,-162.3576877," 2,001 ", 15.1 ,0,0,0.656717606,0,0,0,3.718660112,0,0,0,0.653825184,28.50368592,0,33.53288883
201004152,PRIAs,Kingman,2010,Forereef,6.43523657,-162.3814552," 2,603 ", 16.5 ,1.174840236,0,2.36438763,0,0,0,2.334209634,0.402926291,0,0,0,27.80893169,0,34.08529548
201004161,PRIAs,Kingman,2010,Forereef,6.391979364,-162.477864," 1,858 ", 18.1 ,0,0,1.935040441,0,0,0,4.336149009,1.129009987,0,0.075388678,0,11.90594506,0,19.38153317
201004162,PRIAs,Kingman,2010,Forereef,6.403779873,-162.4671957," 2,294 ", 17.3 ,0,0,0,0,0,0,2.08824193,0.182904743,0,0,0,2.243121161,0,4.514267835
201004163,PRIAs,Kingman,2010,Forereef,6.413301965,-162.4490267," 1,821 ", 14.9 ,0,0,0.599034348,0,0,0,4.358801352,0.806440978,0,0,0,1.264298135,0,7.028574814
201004164,PRIAs,Kingman,2010,Forereef,6.428659645,-162.4318744," 1,884 ", 17.4 ,0,0,4.70446314,0,0,0,2.781823707,0.11135725,0,0,0.740712821,3.964025199,0,12.30238212
201004171,PRIAs,Kingman,2010,Forereef,6.379943623,-162.4541282," 1,643 ", 18.0 ,0.380006765,0,0.718745017,0,0,0,1.935518094,0.255446233,0,0,0,7.698959264,0.023137083,11.01181246
201205091,PRIAs,Kingman,2012,Forereef,6.381765615,-162.3804112," 1,841 ", 12.1 ,0,0,0.414370226,0,0,0,3.150517104,0.459032053,0,0,0,24.504574,0,28.52849339
201205092,PRIAs,Kingman,2012,Forereef,6.379703452,-162.3655384," 1,747 ", 14.8 ,0,0,0,1.884687508,0.128708137,0,2.437394438,2.585824062,0,0,0,4.081638971,1.195319634,12.31357275
201205093,PRIAs,Kingman,2012,Forereef,6.383118317,-162.3401205," 1,862 ", 13.1 ,0,0,1.670991129,0,0,0,3.384937157,2.932758396,0,0,0,29.75854985,0.034403902,37.78164044
201205094,PRIAs,Kingman,2012,Forereef,6.402491567,-162.3411," 2,447 ", 15.1 ,0,0,3.76807882,18.13346651,0,0,1.643436786,0.113364253,0,0.057253747,3.649868577,7.689860161,0.0080265,35.06335535
201205095,PRIAs,Kingman,2012,Forereef,6.436806458,-162.3839587," 2,228 ", 12.7 ,0.279199072,0,0.223130727,0,0,0,1.749733761,0.481942589,0,0,0,3.522761615,0,6.256767765
201205096,PRIAs,Kingman,2012,Forereef,6.419445018,-162.358702," 2,014 ", 15.9 ,0,0,0,0,0,0,1.796396701,0.104174147,0,0,0,4.923265191,0,6.82383604
201205101,PRIAs,Kingman,2012,Forereef,6.380170029,-162.4545032," 1,467 ", 15.1 ,0,0,0.536467085,3.939566608,0,0,1.289862443,0.243966419,0,0.128053309,0,25.31093327,0,31.44884914
201205102,PRIAs,Kingman,2012,Forereef,6.379066335,-162.4319204," 2,311 ", 17.1 ,0.752382323,0,0,2.426260261,0,0,2.159532083,1.035878121,0,0.106257112,0,6.108529108,0,12.58883901
201205103,PRIAs,Kingman,2012,Forereef,6.381722372,-162.4018472," 1,970 ", 11.3 ,0,0,0.315946235,0,0,0,1.337555607,0.181689738,0,0,0,6.586656303,0,8.421847882
201205111,PRIAs,Kingman,2012,Forereef,6.390589374,-162.4778513," 1,801 ", 17.8 ,0.156906343,0,0.06389666,0,0,0,1.157285581,0.582557589,0,0,10.28520324,2.556395882,7.31315566,22.11540095
201205112,PRIAs,Kingman,2012,Forereef,6.404391775,-162.4668656," 1,758 ", 17.2 ,0,0,0.452845653,0,0,0,0.709115497,0.119349351,0,0,0,0.325466812,0.011172509,1.617949822
201205115,PRIAs,Kingman,2012,Forereef,6.429916599,-162.43021," 2,232 ", 16.0 ,0,0,0,0,0,0,6.753312566,0.187986797,0,0,0,0.870130619,0,7.811429982
201205116,PRIAs,Kingman,2012,Forereef,6.448450258,-162.4137682," 1,529 ", 15.3 ,0.18478139,0,0,0,0,0,3.625020834,0.455833001,0,0,0,1.501608767,0,5.767243992
201504241,PRIAs,Kingman,2015,Forereef,6.379936798,-162.451892," 1,693 ", 13.4 ,0,0,0,0.277858166,0,0,4.381815829,0,0.237364206,0,0,6.045165414,0,10.94220362
201504242,PRIAs,Kingman,2015,Forereef,6.378878173,-162.4245972," 2,362 ", 13.4 ,0,0,0,0,0,0.093215835,2.776258122,2.367003123,0,0.079552959,0,8.583867453,5.555569285,19.45546678
201504243,PRIAs,Kingman,2015,Forereef,6.381696901,-162.40258," 1,653 ", 11.1 ,0,0,0.514861197,1.179007083,0,0.133147101,9.138321855,0.548449116,0,0,0,15.04781615,0.046469807,26.60807231
201504244,PRIAs,Kingman,2015,Forereef,6.381247246,-162.3776514," 2,249 ", 13.0 ,0,0,0,0.264170721,0,0,2.017727365,0.806255835,0,0,0,2.238303977,0,5.326457898
201504245,PRIAs,Kingman,2015,Forereef,6.380578346,-162.3565741," 1,774 ", 11.5 ,0.234509746,0,0.12895239,0,0,0,3.323136212,0.865703009,0,0,0,3.958378542,0,8.510679898
201504246,PRIAs,Kingman,2015,Forereef,6.384510918,-162.3386272," 2,183 ", 13.8 ,0.285995848,0,0,0,0,0,1.99843782,0.542560185,0,0,3.678468108,8.879195196,0,15.38465716
201504254,PRIAs,Kingman,2015,Forereef,6.430153266,-162.3741714," 2,367 ", 15.4 ,0.302069586,0,0.262907558,0,0,0,1.922200381,0.322948474,0,0,0,5.006626057,0.026344468,7.843096524
201504255,PRIAs,Kingman,2015,Forereef,6.414121359,-162.3523153," 2,145 ", 12.6 ,0,0,0,0,0,0,2.437801642,0.195637281,0,0,0,2.114358508,0.029079828,4.77687726
201504261,PRIAs,Kingman,2015,Forereef,6.396514402,-162.474399," 2,193 ", 16.3 ,0,0,0,0.502547314,0,0,4.180332916,0.990006254,0,0.122771398,0,1.78822447,0.029864482,7.613746835
201504262,PRIAs,Kingman,2015,Forereef,6.409626067,-162.4557761," 1,923 ", 15.8 ,0,0,0,0,0,0,4.215483113,0.144221994,0,0,0,6.309838687,0,10.66954379
201504263,PRIAs,Kingman,2015,Forereef,6.431215723,-162.428718," 2,215 ", 16.2 ,0.281818018,0,0.403107862,0,0,0,1.574593434,1.299911101,0,0.063249236,0,0.479398397,0,4.102078047
201504264,PRIAs,Kingman,2015,Forereef,6.448731055,-162.4127614," 1,812 ", 15.8 ,0,0,4.304204949,0,0,0,6.526556133,0,0,0.103658233,0,8.191771823,0,19.12619114
200102193,PRIAs,Palmyra,2001,Forereef,5.864577406,-162.030351," 1,753 ", 10.8 ,2.831385732,0.374671684,0.095406257,0,14.14832628,0,12.2388498,2.82593365,0,0.47857975,0,0.495130639,0,33.48828379
200102201,PRIAs,Palmyra,2001,Forereef,5.88375096,-162.1418462," 1,789 ", 14.7 ,0,0.284652909,0,0,0,0,0.491612924,0,0,0,0,0.087124638,0,0.863390471
200203121,PRIAs,Palmyra,2002,Forereef,5.872699337,-162.0022587, 593 , 12.1 ,0,2.587664849,0,0,0,0,3.710504499,0,0,0,31.66736996,0,0,37.96553931
200203122,PRIAs,Palmyra,2002,Forereef,5.865842826,-162.0503294," 2,047 ", 12.1 ,0,0,0.222306847,0,4.166522804,0,5.372517576,1.00880559,0,0,0,7.480262753,0.02687796,18.27729353
200203123,PRIAs,Palmyra,2002,Forereef,5.869050385,-162.0764523," 2,895 ", 11.5 ,0,0,6.350930292,0.113671179,2.935684717,0,7.939268762,0.570532371,0,0.285950024,0,8.092857421,0,26.28889477
200203131,PRIAs,Palmyra,2002,Forereef,5.866615004,-162.1068178," 2,678 ", 11.0 ,0,0.245965423,0.16990872,0,2.121852408,0.2707472,10.96838467,1.233645249,0,0.213160586,0,2.208933408,0.263470345,17.69606801
200203132,PRIAs,Palmyra,2002,Forereef,5.8642357,-162.1289889," 2,226 ", 11.4 ,0,0.591729755,0.204378411,0,11.07374061,0,9.242169821,4.012251425,0,0.442339156,48.21782469,6.263470129,1.939297812,81.98720181
200203133,PRIAs,Palmyra,2002,Forereef,5.896879817,-162.0960866," 2,856 ", 10.1 ,0,0.230622367,1.194525722,0,6.226916083,0,5.082085507,0,0,0.399727718,0,2.16852667,0.018385825,15.32078989
200203161,PRIAs,Palmyra,2002,Forereef,5.88570579,-162.0396026," 2,678 ", 12.7 ,0,0,0.643881174,1.144296377,12.33196001,0.300655023,10.14677627,0.154200074,0,0,0,9.407840007,0,34.12960893
200203162,PRIAs,Palmyra,2002,Forereef,5.89693061,-162.0617509," 2,203 ", 10.1 ,0.207633634,0,7.485812346,0,5.805635257,0,15.52697014,0,0,0.388615449,0,19.62685504,0,49.04152187
200203163,PRIAs,Palmyra,2002,Forereef,5.877902818,-162.1312787," 2,800 ", 11.8 ,0,0,0.162511046,1.094514356,0.306839852,0,2.042260957,0.589966719,0,0.101939882,0,1.856663879,15.81574441,21.97044111
200203164,PRIAs,Palmyra,2002,Forereef,5.863987334,-162.1352567," 2,316 ", 12.7 ,0,0.853101854,1.571488564,13.039895,0,0,3.562463365,2.317657338,0,0.246440724,20.11139879,4.665089808,0.027663529,46.39519898
200403292,PRIAs,Palmyra,2004,Forereef,0,0," 2,190 ", 14.7 ,0,0,0,0,4.343798338,0,5.221738148,0.565669335,0,0.130322075,0,5.551803397,1.061037295,16.87436859
200403293,PRIAs,Palmyra,2004,Forereef,0,0," 2,190 ", 13.3 ,0.367488525,0.233434776,5.009747258,0,5.592866054,0,3.16905733,1.053506134,0,0,0,1.860331267,0,17.28643134
200403294,PRIAs,Palmyra,2004,Forereef,0,0," 2,190 ", 10.8 ,0,0,1.300167893,0,6.067798321,0.165529368,3.414213404,1.375257069,0,0,0,0.626288211,0.356285814,13.30554008
200403301,PRIAs,Palmyra,2004,Forereef,0,0," 2,190 ", 10.1 ,0,0,0,3.064764355,0.647597325,0,2.811705157,2.639790229,0,0.130322075,0,1.252576423,14.71414783,25.26090339
200403302,PRIAs,Palmyra,2004,Forereef,0,0," 2,190 ", 15.3 ,0.762489427,1.203026322,0.414094448,0.466416673,6.24046338,0,2.209196909,0.75422578,0,0.130322075,0,0.717945093,6.643927654,19.54210776
200403303,PRIAs,Palmyra,2004,Forereef,0,0," 1,314 ", 19.9 ,0.384254752,0,0.346262527,10.21588118,0,0,0.334726804,1.885564449,0,0.651610376,1.36152882,0,0.041864795,15.22169371
200403304,PRIAs,Palmyra,2004,Forereef,0,0," 2,190 ", 12.2 ,0,0,0.168754199,0,0.874641478,0,0.602508248,0.75422578,0,0,0,2.688466608,0,5.088596313
200403305,PRIAs,Palmyra,2004,Forereef,0,0," 1,314 ", 21.0 ,0,0,0,0,1.079328876,0,0.669453609,0.720791407,0,0.434406918,0,3.951834519,1.642801108,8.498616436
200403311,PRIAs,Palmyra,2004,Forereef,0,0," 2,190 ", 14.4 ,0,0,0.506262596,0,0,0,3.615049487,0,0,0.130322075,1.775804718,11.89102128,0,17.91846016
200403312,PRIAs,Palmyra,2004,Forereef,0,0," 2,190 ", 15.4 ,0,0.601513161,1.298289343,0,0.227044153,0,2.008360826,0,0,0.521288301,0,7.091195191,0,11.74769097
200403313,PRIAs,Palmyra,2004,Forereef,0,0," 2,190 ", 15.5 ,0.417779264,0,4.493968557,0,1.295194651,0,2.410032991,0.2439184,0,0.130322075,0.193871802,8.145039547,0,17.33012729
200403314,PRIAs,Palmyra,2004,Forereef,0,0," 2,190 ", 12.7 ,0.367488525,0.30075658,2.431136228,0,0,0,3.972401661,12.25616892,0,0.130322075,0,0,0,19.45827399
200404011,PRIAs,Palmyra,2004,Forereef,0,0," 2,190 ", 11.5 ,1.356192188,0,7.827784223,0,2.173962209,0,3.615049487,1.084560459,0,0.260644151,0.55042878,16.0950178,0,32.96363929
200404013,PRIAs,Palmyra,2004,Forereef,0,0," 2,190 ", 12.4 ,0,0,0.207757516,0,0,0,2.410032991,1.885564449,0,0.781932452,0,0.626288211,0,5.91157562
200404015,PRIAs,Palmyra,2004,Forereef,0,0," 2,190 ", 16.0 ,0,0,0.207757516,0,0,0,4.017687835,1.840623287,0,0.390966226,0,5.98118348,0.193314495,12.63153284
200404016,PRIAs,Palmyra,2004,Forereef,0,0," 1,314 ", 21.3 ,0,0,0,0,0,0,2.706239062,0,0,0,0,0.667631993,0,3.373871055
200603251,PRIAs,Palmyra,2006,Forereef,5.875975353,-162.1310291," 2,508 ", 12.3 ,0,0.262673363,0.181450279,0,0,0,0.526215811,3.987437605,0,0,0,0,0,4.957777058
200603252,PRIAs,Palmyra,2006,Forereef,5.881929141,-162.1428869," 2,043 ", 21.4 ,0,0.644669935,0.222663498,0,0,0,1.67446396,0.202084807,0,0,0,2.736289581,3.02837235,8.508544132
200603254,PRIAs,Palmyra,2006,Forereef,5.896676499,-162.1235212," 1,987 ", 13.8 ,0,1.029014494,0.414929621,0,0,0,2.82843055,1.246776412,0,0.143619673,0,1.38038483,0,7.043155579
200603255,PRIAs,Palmyra,2006,Forereef,5.897179996,-162.1045095," 2,440 ", 14.2 ,0,0,0.968910179,0,0,0,8.831419761,0.338426282,0,0.935622549,0,7.018870011,0,18.09324878
200603256,PRIAs,Palmyra,2006,Forereef,5.896386386,-162.0874808," 1,971 ", 13.1 ,0,0,4.54448074,0,0,0,2.455220655,0,0,0,0,12.53592766,0,19.53562906
200603261,PRIAs,Palmyra,2006,Forereef,5.867246039,-162.0641284," 2,615 ", 13.5 ,0,0.503688172,0,0,0.570358863,0.151427069,4.806072129,0.532674301,0,0,0,5.012532617,28.57089844,40.14765159
200603262,PRIAs,Palmyra,2006,Forereef,5.865502619,-162.044036," 2,078 ", 13.8 ,0.268242333,0.317024542,0.177882134,0,2.052227098,0.426090114,1.962981675,0,0,0,0,6.03529545,0,11.23974335
200603263,PRIAs,Palmyra,2006,Forereef,5.862689303,-162.0244764," 2,529 ", 12.4 ,0,0.781375138,0.539760619,0,1.686051627,0.681701956,12.83215511,1.948977173,0,0.225720591,0,3.412984944,0.099969383,22.20869654
200603271,PRIAs,Palmyra,2006,Forereef,5.898807777,-162.0712012," 1,848 ", 17.3 ,0,0.532201309,0.931733129,0,0,0,1.056262442,0,0,0,0.235935531,5.557693527,0,8.313825937
200603272,PRIAs,Palmyra,2006,Forereef,5.892969833,-162.0525797," 2,758 ", 15.5 ,0,1.888339772,0.082958719,0.646287599,0.311453285,0.071059715,1.923268946,0,0,0.152367582,0,9.951325695,0.389237961,15.41629927
200603273,PRIAs,Palmyra,2006,Forereef,5.882245097,-162.031558," 2,261 ", 12.2 ,0,0.144995416,0.730560232,0,0,0,2.589957765,0,0,0.061951179,0,0,0,3.527464593
200603281,PRIAs,Palmyra,2006,Forereef,5.898660256,-162.0685504," 2,059 ", 14.2 ,0,1.704671944,0.220993473,0,0.241508835,0,7.904350105,0.778374355,0,0.415874167,0,3.688429048,0,14.95420193
200603282,PRIAs,Palmyra,2006,Forereef,5.893453606,-162.0532945," 2,006 ", 14.5 ,0,5.645681064,0,0,0,0.661944702,3.288817233,0,0,0,0,12.21056845,1.076076077,22.88308752
200603283,PRIAs,Palmyra,2006,Forereef,5.884249658,-162.037051," 2,177 ", 10.8 ,0,0,0,0,0,0,17.58097278,0.189724444,0,0.131129346,0,0,8.582803997,26.48463057
200803301,PRIAs,Palmyra,2008,Forereef,5.866387172,-162.1119469," 1,938 ", 13.6 ,0,0,0.260930699,1.706172846,0,0,1.119164474,0.432978386,0,0,0,1.940496983,0.014188586,5.473931974
200803302,PRIAs,Palmyra,2008,Forereef,5.867774094,-162.0942945," 2,046 ", 14.1 ,0,0,0.303528914,1.161668423,2.868468092,0,1.802259037,0,0,0,0,1.338803833,0,7.474728299
200803303,PRIAs,Palmyra,2008,Forereef,5.868935184,-162.0750143," 2,282 ", 14.3 ,0,0,0,0,0.460869104,0,1.330637312,0,0,0.174522108,0,2.155099464,0,4.121127989
200803304,PRIAs,Palmyra,2008,Forereef,5.866208432,-162.0545152," 2,396 ", 15.4 ,0,0,0.095483909,0,1.767355573,0,0.905146386,0,0,0.078452324,0,2.435276492,0,5.281714684
200803305,PRIAs,Palmyra,2008,Forereef,5.864267524,-162.0345484," 2,590 ", 13.8 ,0.281423253,0,0,0,0.267109891,0.072415207,1.256057846,0.161979736,0,0,0,2.911365865,0,4.950351798
200803306,PRIAs,Palmyra,2008,Forereef,5.864749915,-162.0120179," 2,782 ", 13.8 ,0.380759729,0,0.066775118,0,8.239603322,2.495282278,0.62387352,0,0,0,0,36.11722146,31.83879957,79.762315
200803311,PRIAs,Palmyra,2008,Forereef,5.863807419,-162.1326522," 3,092 ", 13.9 ,0,0,0,71.8315756,0,0,0.771620827,0.067845893,0,0.060799254,0.974718044,25.39896376,14.31961624,113.4251396
200803312,PRIAs,Palmyra,2008,Forereef,5.875295341,-162.1622477," 2,739 ", 17.0 ,0,0.11969072,0,1.150138508,0.636540156,1.612099264,1.79374057,0.153171311,0,0.051139418,0,6.540162359,2.351532025,14.40821433
200803313,PRIAs,Palmyra,2008,Forereef,5.889483135,-162.1606582," 2,780 ", 16.5 ,0.673636528,0.117949363,0.082315498,25.5016206,1.610262713,0,0.468189309,0,0,0.0503954,0,15.86801126,0,44.37238067
200803314,PRIAs,Palmyra,2008,Forereef,5.896941449,-162.1382426," 2,435 ", 14.5 ,0,0,0,0,0.815072178,0,1.514473544,1.033966162,0,0.057535173,0,0.534680302,0,3.955727359
200803315,PRIAs,Palmyra,2008,Forereef,5.896871958,-162.1176581," 2,281 ", 14.2 ,0,0.143751843,0,0,0.376643362,0,1.236321493,0.55188886,0,0.061419846,0,2.131183436,0.032624441,4.533833282
200803316,PRIAs,Palmyra,2008,Forereef,5.897318481,-162.0981629," 2,320 ", 14.7 ,0,0,0.457226867,0,0.655920544,0,1.963360522,0,0,0,0,1.483835723,0,4.560343656
200804011,PRIAs,Palmyra,2008,Forereef,5.897815943,-162.0753661," 2,571 ", 13.8 ,0,0.127532654,0.089003567,0,0.823703971,0,1.012458637,0,0,0,0,2.916388142,3.720231092,8.689318063
200804012,PRIAs,Palmyra,2008,Forereef,5.894180622,-162.0546603," 2,399 ", 14.7 ,0,0,0.095388681,0,0,0,0.813819295,0,0,0.083018382,0,3.609192511,0,4.601418869
200804013,PRIAs,Palmyra,2008,Forereef,5.884038132,-162.036044," 2,527 ", 12.6 ,0.0897777,0,0.090568277,0,0,0,3.176628723,0,0,0,0,1.315192452,0,4.672167152
200804014,PRIAs,Palmyra,2008,Forereef,5.877316163,-162.0121298," 3,157 ", 12.8 ,0.115461953,0,0.576914794,9.481257057,2.791225455,0.129153251,1.966917504,0,0,0,0,1.948987104,0,17.00991712
200804015,PRIAs,Palmyra,2008,Forereef,5.864973933,-162.0117846," 2,894 ", 13.3 ,0.366011751,0.226624018,0.395395716,0,8.071145615,0.064827904,2.173945152,0.072504155,0,0,0,11.68746034,8.496090985,31.55400564
200804021,PRIAs,Palmyra,2008,Forereef,5.875375109,-162.1310363," 2,882 ", 12.7 ,0,0,0,8.198766612,0,0,0.376306955,0.145584301,0,0,0,0,0,8.720657868
200804022,PRIAs,Palmyra,2008,Forereef,5.88081049,-162.1426321," 2,662 ", 20.5 ,0,0.604822159,0,0,0,0,0.407391465,0.078805083,0,0,0,4.945623345,0,6.036642052
200804023,PRIAs,Palmyra,2008,Forereef,5.871356717,-162.1337145," 2,441 ", 18.9 ,0,0,0,0,0,0,0.355485489,0.343822416,0,0.057396121,0,0.533388074,0,1.290092099
200804024,PRIAs,Palmyra,2008,Forereef,5.87593807,-162.1477793," 3,000 ", 19.4 ,0.208047444,0,0,0,0,0,0.65068495,0.069926302,0,0,0,0.43392,0,1.362578696
201004071,PRIAs,Palmyra,2010,Forereef,5.868738215,-162.1445922," 2,164 ", 16.3 ,0.130554354,0.151507023,0,15.78056106,0,0,1.036247048,0.096943729,0,0,0,6.201060484,0,23.39687369
201004072,PRIAs,Palmyra,2010,Forereef,5.892934,-162.1554204," 1,521 ", 16.6 ,0,0.215599292,1.941950138,15.26444589,0,0.207419983,3.41059486,1.008162497,0,0.206627931,0.953361668,2.606963006,0,25.81512526
201004073,PRIAs,Palmyra,2010,Forereef,5.896816659,-162.1430093," 1,610 ", 14.2 ,0,0,0.310040691,6.54618326,0,0,0.684910772,0.130272308,0,0,1.88376029,0.885290038,0,10.44045736
201004074,PRIAs,Palmyra,2010,Forereef,5.896842661,-162.1268413," 1,950 ", 13.6 ,0,0.459626906,3.437516693,0,2.848180062,0,7.411140564,6.377378185,0,0,0,5.535811923,1.615502344,27.68515668
201004075,PRIAs,Palmyra,2010,Forereef,5.897021994,-162.1075509," 2,347 ", 13.7 ,0,0,0,0,0.648476366,0,2.749700297,0.105465737,0,0,0,1.205095715,0,4.708738115
201004076,PRIAs,Palmyra,2010,Forereef,5.896869959,-162.0854603," 2,379 ", 14.5 ,0,0.762106786,6.544190124,0.926647744,0.230521166,0.555182213,14.83363776,0,0,0.29419631,0,3.427839672,0.608135631,28.18245741
201004081,PRIAs,Palmyra,2010,Forereef,5.866058243,-162.008635," 2,149 ", 17.2 ,0,0,0.535396674,2.027003813,4.478039603,0,2.067152883,0.195252395,0,0.06518906,0.849806678,9.66836785,0,19.88620896
201004082,PRIAs,Palmyra,2010,Forereef,5.898426187,-162.065688," 1,897 ", 14.3 ,0,0.528723954,0.120622875,0,0,0,5.21632496,0,0,0.099035847,0,2.919998863,6.916153921,15.80086042
201004083,PRIAs,Palmyra,2010,Forereef,5.891479032,-162.0501366," 2,016 ", 14.3 ,0,0,0.373394316,0,0,0,2.2435613,0,0,0.069504844,0,4.530819915,1.980665775,9.19794615
201004084,PRIAs,Palmyra,2010,Forereef,5.883067331,-162.0336869," 1,943 ", 13.8 ,0,0,0.613523582,0,0,0,7.439162472,0,0,0,0,7.651692121,0,15.70437817
201004085,PRIAs,Palmyra,2010,Forereef,5.878852513,-162.0184071," 1,814 ", 14.1 ,0,0.180751548,0,0,1.747265081,0.354158784,4.354871666,0.231312432,0,0,0,3.463526145,0,10.33188566
201004086,PRIAs,Palmyra,2010,Forereef,5.875440348,-162.004487," 1,435 ", 14.1 ,0,0.228518277,0,0,2.453048064,0,4.316909868,0.48576595,0,0,0,12.93935618,0,20.42359834
201004091,PRIAs,Palmyra,2010,Forereef,5.868769946,-162.0736679," 2,130 ", 16.0 ,0,0,0.214826082,0,1.778272921,0,1.197637382,0.270816818,0,0,0,3.939878863,0,7.401432066
201004092,PRIAs,Palmyra,2010,Forereef,5.866185244,-162.0550522," 1,581 ", 15.7 ,0,0.207348178,0.620641463,0,0.152320976,0,5.296182609,0.265348829,0,0,0,5.859741558,0,12.40158361
201004093,PRIAs,Palmyra,2010,Forereef,5.865175497,-162.0411873," 1,688 ", 16.3 ,0,0,1.068160135,0,0.753651524,0,2.888934766,0,0,0.117988757,0,4.114958844,0,8.943694027
201004094,PRIAs,Palmyra,2010,Forereef,5.862882791,-162.0266348," 1,530 ", 17.6 ,0,0,0.491980379,0,2.452323922,0,0.75699075,0.137147156,0,0,0,3.315705441,0,7.154147648
201004101,PRIAs,Palmyra,2010,Forereef,5.862695534,-162.1290913," 1,984 ", 16.2 ,0,0.340362919,0.979824951,4.961893806,0,0,4.528691965,0.876868827,0,0,1.769309598,3.111784396,0,16.56873646
201004102,PRIAs,Palmyra,2010,Forereef,5.866368426,-162.1132706," 1,876 ", 14.6 ,0,0.174768152,0.121968676,0,0.292328343,0,1.215008165,0.687310588,0,0,0,4.555748413,11.37474122,18.42187356
201004103,PRIAs,Palmyra,2010,Forereef,5.867201076,-162.0971821," 1,767 ", 15.8 ,0.128390117,0,0,0,0,0,2.096846062,0,0,0,0,0.368450607,3.185522154,5.779208941
201004104,PRIAs,Palmyra,2010,Forereef,5.874812616,-162.1627368," 2,246 ", 17.8 ,2.124721516,0.535237013,0.832103323,39.03834063,0,0,3.374950338,0.310301419,0,0.062369597,0,11.42803595,12.56359118,70.26965096
201004105,PRIAs,Palmyra,2010,Forereef,5.883705734,-162.1680213," 1,489 ", 17.7 ,0.448517516,0,0,121.4945182,0,0,2.222949887,0.140937488,0,0,1.062841495,7.585758643,0,132.9555232
201004111,PRIAs,Palmyra,2010,Forereef,5.876636907,-162.1302145," 2,659 ", 12.1 ,0,0,0,4.978707477,0,0,0.796279921,0.391820349,0,0,0,1.636063807,0,7.802871554
201004112,PRIAs,Palmyra,2010,Forereef,5.87565611,-162.1338992," 2,018 ", 17.9 ,0,0,0,0,0,0,0.46638314,0.177386474,0,0,0,2.671745978,0,3.315515593
201004113,PRIAs,Palmyra,2010,Forereef,5.87199089,-162.1461606," 2,089 ", 16.4 ,0,0.313878371,0,61.78638828,0,0,1.942344078,0.663848413,0,0,0.106866115,1.007276876,0,65.82060214
201004123,PRIAs,Palmyra,2010,Forereef,5.884734063,-162.1475884," 1,337 ", 23.1 ,0,0.919867966,0,1.178563595,0,0,1.193390075,0.207520438,0,0.104806605,0,5.856468107,0,9.460616787
201205141,PRIAs,Palmyra,2012,Forereef,5.864866171,-162.1224315," 2,114 ", 12.7 ,0,0.374850106,74.13091858,6.674803001,0.441273693,0,2.562571454,0.437901872,0,0,0.42247978,1.277791267,15.70370065,102.0262904
201205142,PRIAs,Palmyra,2012,Forereef,5.866451219,-162.1052673," 1,925 ", 14.3 ,0,0,0.555220211,0,0.125139888,0,0.488929927,0,0,0.097607915,0,6.910077692,20.46359096,28.64056659
201205143,PRIAs,Palmyra,2012,Forereef,5.868698075,-162.0896997," 1,632 ", 13.8 ,0,0.212788597,0.567560277,0,0,0,1.741387376,0,0,0,0,1.877992291,0,4.399728541
201205144,PRIAs,Palmyra,2012,Forereef,5.868471909,-162.0716399," 2,468 ", 14.2 ,0,0,0.278136855,0,0,0,2.056662385,0.170007555,0,0.08068907,0,1.83454619,0.988856176,5.408898229
201205145,PRIAs,Palmyra,2012,Forereef,5.866018029,-162.0511897," 1,793 ", 12.7 ,0,0,2.166739616,0,0,0,3.130038334,0.455669914,0,0,0,0,20.08089718,25.83334504
201205151,PRIAs,Palmyra,2012,Forereef,5.864598778,-162.0366789," 2,048 ", 17.5 ,2.135902124,0,0,0,3.902054423,0.462074669,1.859298401,0.223292117,0,0,0,0.986820506,0.176960756,9.746402997
201205152,PRIAs,Palmyra,2012,Forereef,5.861992648,-162.0208056," 1,827 ", 13.8 ,0.199526234,0.179479049,0,0,0.470252002,0,1.078735944,0.381522264,0,0.076684759,0,1.499916647,0,3.886116899
201205153,PRIAs,Palmyra,2012,Forereef,5.867810749,-162.0059357," 2,022 ", 15.0 ,0.14787507,0,0,0.14872988,9.051317516,0.43432088,0.916711161,0.32991864,0,0.138566303,0,25.12347739,16.35703696,52.6479538
201205154,PRIAs,Palmyra,2012,Forereef,5.88239925,-162.031471," 1,689 ", 15.8 ,0,0.19409093,0.417990868,0,1.253588507,0,1.218962668,0,0,0,0,3.165162808,0,6.249795781
201205155,PRIAs,Palmyra,2012,Forereef,5.878153025,-162.0139787," 1,921 ", 17.7 ,0,0.295946234,0.510930946,29.04300133,6.148242848,0,1.544656291,0.109221617,0,0.103677636,0,3.773843749,0.04341539,41.57293604
201205171,PRIAs,Palmyra,2012,Forereef,5.896877193,-162.1203559," 2,128 ", 13.3 ,0,4.278327522,0.107540583,0,1.341998013,0,1.095547391,1.132947569,0,0.126557859,0,0.707806904,46.09309707,54.88382292
201205172,PRIAs,Palmyra,2012,Forereef,5.89747183,-162.1001553," 2,030 ", 16.6 ,0,0,0.112702116,0,0,0,2.475574588,0,0,0.230530153,0,0.32060635,4.710799008,7.850212215
201205173,PRIAs,Palmyra,2012,Forereef,5.896549511,-162.0826794," 1,839 ", 12.5 ,0,0,1.44188821,0,3.019880297,0,2.759201461,0,0,0.21463892,0,1.301329805,8.27276313,17.00970182
201205174,PRIAs,Palmyra,2012,Forereef,5.897304801,-162.0620895," 2,523 ", 15.7 ,0,0.810337508,0.090684773,0,0,0,1.522490355,0,0,0.074455557,0,0.474285428,8.776857571,11.74911119
201205175,PRIAs,Palmyra,2012,Forereef,5.887071982,-162.0426536," 2,219 ", 12.9 ,0,0.147787552,0.14405992,0,0.685935015,0,2.917096894,0,0,0.252336619,0,0.403381045,0,4.550597045
201205181,PRIAs,Palmyra,2012,Forereef,5.865104567,-162.1391409," 2,351 ", 16.2 ,0.5301201,0.612781468,0,6.885748403,0,0,1.51364058,0,0,0.264267198,0.284877695,0.434501341,0.090952884,10.61688967
201205182,PRIAs,Palmyra,2012,Forereef,5.873152958,-162.1588008," 2,159 ", 17.9 ,0,0,0.182294755,10.2121134,0,0.146118901,0.904316151,0.128490392,0,0.303839325,0.366439318,1.462380072,0.009097472,13.71508979
201205183,PRIAs,Palmyra,2012,Forereef,5.883335326,-162.1679729," 1,984 ", 17.2 ,0,0.616956306,0,0,1.890536103,0,0.846820715,0,0,0.505430831,0,1.054121013,0.041582507,4.955447475
201205184,PRIAs,Palmyra,2012,Forereef,5.891242301,-162.1575281," 1,491 ", 16.5 ,0,0.439704672,0.460297222,0,0.150756368,0,0.981271545,0.140675361,0,0.21990846,0,0.348125709,0,2.740739336
201205185,PRIAs,Palmyra,2012,Forereef,5.896780897,-162.1426229," 2,219 ", 16.1 ,0.18755858,1.782400738,0.225046863,0,0.108562268,0,2.274315625,4.346073832,0,0.184514496,0,0,0.029241466,9.137713866
201504151,PRIAs,Palmyra,2015,Forereef,5.862931558,-162.0239335," 2,883 ", 13.4 ,0,0.462529006,0,0,0,0.152709948,1.43716489,0,0,0.065163436,0.154879465,13.70396369,6.231586157,22.20799659
201504152,PRIAs,Palmyra,2015,Forereef,5.869519062,-162.004435," 2,079 ", 15.8 ,0,0,0.110065186,11.62197255,0,0,1.99438148,0.468674244,0,0.27997105,0,7.469147616,5.782077724,27.72628985
201504153,PRIAs,Palmyra,2015,Forereef,5.87775924,-162.0125183," 2,378 ", 14.6 ,0,0,0,7.221604054,0.442214681,0.193679637,2.684933177,0.204828182,0,0,0.337890965,10.72586095,0.008841553,21.8198532
201504154,PRIAs,Palmyra,2015,Forereef,5.883469999,-162.0351342," 2,466 ", 11.9 ,0,0,0.356012641,0,0,0,10.27005877,0.367692991,0,0.056805961,0,1.000451115,0,12.05102148
201504155,PRIAs,Palmyra,2015,Forereef,5.893871631,-162.0543978," 2,267 ", 13.9 ,0,0.144618122,0.100927318,0,0,0,0.788334227,0,0,0,0,2.339207487,0,3.373087153
201504156,PRIAs,Palmyra,2015,Forereef,5.898519559,-162.0715429," 1,830 ", 13.2 ,0,0,0.25008014,0,0,0,1.925734232,0,0,0.287309425,0.994660634,0,0,3.457784431
201504171,PRIAs,Palmyra,2015,Forereef,5.896640521,-162.0866369," 2,153 ", 15.5 ,0,0.152260396,0.297300423,0,0.111852693,0,2.183700591,0,0,0.087244029,0,0.833418068,0,3.665776202
201504172,PRIAs,Palmyra,2015,Forereef,5.897131912,-162.1052688," 2,227 ", 13.7 ,0,0.311884947,0.224235879,0,0,0,2.724747852,0.222302278,0,0.306936502,0,0,0,3.790107457
201504173,PRIAs,Palmyra,2015,Forereef,5.896756925,-162.1242893," 1,904 ", 13.5 ,0,0.172178266,0,0,0.799141064,0,1.306611992,0,0,0,0,0.327178741,21.36045315,23.96556322
201504174,PRIAs,Palmyra,2015,Forereef,5.896871526,-162.1396605," 2,246 ", 16.1 ,0,0.154572981,0.695614783,0,0,0,0.93439953,0.260578072,0,0.219357484,0.258367238,0.398380759,4.664680809,7.585951656
201504175,PRIAs,Palmyra,2015,Forereef,5.892084358,-162.1564258," 2,099 ", 17.7 ,0,0,0,1.851806293,0,0,1.488048246,0.099938385,0,0.116990346,0,2.765190443,0,6.321973712
201504181,PRIAs,Palmyra,2015,Forereef,5.88705917,-162.1525116," 1,681 ", 18.6 ,0,0.194992358,0.186158817,0,0,0,1.355609154,0.657457259,0,0.146056955,0,0,0,2.540274543
201504182,PRIAs,Palmyra,2015,Forereef,5.865660879,-162.1392672," 2,294 ", 12.8 ,0,0,0.455522967,36.2146483,0,0,1.892085971,0.182935177,0.245142505,0,0,1.660173027,0,40.65050795
201504183,PRIAs,Palmyra,2015,Forereef,5.865056967,-162.1215821," 2,308 ", 13.3 ,0,0.150447004,0.170506808,62.59908412,0,0,1.956801555,0.866860245,0,0.08139907,1.166476443,0.449808371,4.873741485,72.3151251
201504184,PRIAs,Palmyra,2015,Forereef,5.876206004,-162.160101," 1,802 ", 15.4 ,0,0,0,8.328209223,0,0.100643409,1.46589036,0,0,0.155505326,0,3.3721979,0.03461602,13.45706224
201504185,PRIAs,Palmyra,2015,Forereef,5.878896894,-162.1431702," 2,345 ", 20.2 ,0,0,0.097580403,0,0,0,0.470376307,0.465912156,0,0.080117124,0,0,0,1.113985991
201504191,PRIAs,Palmyra,2015,Forereef,5.866673349,-162.1020208," 2,148 ", 15.4 ,0,0,0.295381595,0,0,0.087337189,1.872222967,0,0,0.305389445,1.468690696,2.675170092,14.15816392,20.8623559
201504192,PRIAs,Palmyra,2015,Forereef,5.869274195,-162.0821531," 2,511 ", 16.7 ,0,0,0.899163027,0,0,0,2.384756505,0,0,0,0,1.176943218,4.479825112,8.940687863
201504193,PRIAs,Palmyra,2015,Forereef,5.866653486,-162.059424," 2,210 ", 14.7 ,0.127866817,0,2.98467128,0,0.688722666,0,2.309384084,0.112011243,0,0,0,0.699615358,0,6.922271449
201504194,PRIAs,Palmyra,2015,Forereef,5.865064811,-162.0404317," 2,489 ", 14.8 ,0,0.13171134,0,0,0.096757058,0,2.821475282,0.502835604,0,0.075469579,0,0.920347844,0,4.548596707
200510191,PRIAs,Wake,2005,Forereef,19.2973978,166.5997144," 2,288 ", 17.7 ,0,0,123.6605337,0,5.186891358,0,0,3.545839923,0,0,0.39096747,0,1.038224546,133.822457
200510192,PRIAs,Wake,2005,Forereef,19.285438,166.6156885," 1,885 ", 17.0 ,0.886948139,0,1.508905349,3.793145536,16.76757203,0,0,1.560907453,0,0,0,0,0.364793268,24.88227178
200510193,PRIAs,Wake,2005,Forereef,19.27805057,166.6340273," 2,160 ", 17.2 ,0,0,1.685463471,0.457156937,2.427975147,0,0,2.725353699,0,0.283893871,0,0,4.589657429,12.16950055
200510201,PRIAs,Wake,2005,Forereef,19.31004134,166.5942178," 1,480 ", 17.5 ,0.376493543,0,1.536861419,0,3.838523542,0,0,0.580190496,0,0,0,8.218892135,2.194032091,16.74499323
200510202,PRIAs,Wake,2005,Forereef,19.32128316,166.6028781," 1,221 ", 20.8 ,0,0,1.006514735,0,16.28672142,0,0,0,0,0,0,210.7597701,1.817405145,229.8704114
200510204,PRIAs,Wake,2005,Forereef,19.31678115,166.629092," 1,659 ", 21.9 ,0,0,0.822560159,0,10.27773308,0,0,0,0,0.249442755,0,11.3067554,0.4590955,23.1155869
200510205,PRIAs,Wake,2005,Forereef,19.32507391,166.6150447," 1,438 ", 20.4 ,0.387658406,0,5.827965661,0,10.86426056,0,0,0,1.040558313,0,0,18.61064646,6.621714982,43.35280438
200510211,PRIAs,Wake,2005,Forereef,19.31617505,166.6394359," 1,171 ", 22.5 ,2.042924632,0,0.388570089,0,4.852537182,0,0,1.368605997,0,0,0,1.620874628,1.882603839,12.15611637
200510212,PRIAs,Wake,2005,Forereef,19.30876595,166.6512159," 2,066 ", 20.4 ,0,0,0,0,4.615629345,0,0,0.999511163,0,0,0,15.45125116,3.307692968,24.37408463
200510213,PRIAs,Wake,2005,Forereef,19.29213769,166.6557419," 1,595 ", 17.5 ,0,0.32175778,0,0,3.304744374,0,0.454656704,8.385329887,0,0,0,1.18999427,1.870604121,15.52708714
200510214,PRIAs,Wake,2005,Forereef,19.27521773,166.6579831," 2,573 ", 17.3 ,0.785036698,0,0.176854541,0,19.35886317,0.17204941,0,11.12106503,0,0.296017506,0,2.141729499,1.161936114,35.21355197
200704301,PRIAs,Wake,2007,Forereef,19.31740476,166.6291132," 2,463 ", 15.2 ,0,0,0.86849006,0,2.30674988,0,0,0.142490112,0,0,0,0.781552324,0,4.099282376
200704302,PRIAs,Wake,2007,Forereef,19.32256284,166.6059339," 2,841 ", 18.7 ,0,0,0,0,0.350071832,0,0,10.64355998,0,0,0.384457703,8.042453554,2.689183163,22.10972623
200704303,PRIAs,Wake,2007,Forereef,19.30142399,166.5962956," 2,059 ", 17.3 ,0,0.319915744,0.22099234,0,4.830737391,0,0,9.075677901,0,0,0,0.76368051,0,15.21100389
200704304,PRIAs,Wake,2007,Forereef,19.29052112,166.6083722," 1,789 ", 17.5 ,0.449904947,0,0,0.735882416,6.847174638,0,0,14.69079039,0,0,0,0,0.068831082,22.79258347
200704305,PRIAs,Wake,2007,Forereef,19.2817154,166.6232854," 1,972 ", 18.1 ,0,0,11.4872534,0,8.874330311,0,0,2.640046207,0,0,0,0,2.334915724,25.33654564
200704306,PRIAs,Wake,2007,Forereef,19.27610827,166.6387453," 1,515 ", 17.8 ,0,0,0,0,0,0,0,2.932870549,0,0,0,0,0,2.932870549
200705011,PRIAs,Wake,2007,Forereef,19.30732212,166.6506187," 2,653 ", 15.4 ,0,0,0.46327946,0,0,0,0,0,0,0,0,1.18509961,1.144980674,2.793359744
200705012,PRIAs,Wake,2007,Forereef,19.28398687,166.6568148," 2,616 ", 16.1 ,0,0,0,0,5.774664011,0,0,6.697269031,0,0,0,0,2.018868862,14.4908019
200705013,PRIAs,Wake,2007,Forereef,19.26952122,166.6561716," 2,243 ", 15.2 ,0,0,0.548130863,0,7.362643103,0,0,3.905905749,0,0,0,1.616754602,0.188059164,13.62149348
200705014,PRIAs,Wake,2007,Forereef,19.27890716,166.6317439," 2,298 ", 15.9 ,0,0,1.533889134,0,7.400961069,0,0,1.965546777,0,0,0,0,3.162242942,14.06263992
200705015,PRIAs,Wake,2007,Forereef,19.28870338,166.6105472," 2,706 ", 18.7 ,0.594803879,0,0.454265162,0,9.253025875,0,0,4.855547356,0,0,0,0,1.030143488,16.18778576
200705016,PRIAs,Wake,2007,Forereef,19.30381885,166.5948776," 1,580 ", 16.9 ,0,0,1.45752244,0,1.795531718,0,0,4.24849617,0,0,0,0,0.026740352,7.528290679
200705021,PRIAs,Wake,2007,Forereef,19.32376383,166.613881," 2,593 ", 14.2 ,0,0,0,0,1.644363159,0,0,8.764432738,0,0.159636166,0,2.611111121,0.824358578,14.00390176
200705022,PRIAs,Wake,2007,Forereef,19.31592164,166.6339356," 2,020 ", 15.2 ,0,0,0.174494412,0,4.220944476,0,0,0,0,0,0,0.15433037,1.298155919,5.847925177
200705023,PRIAs,Wake,2007,Forereef,19.30921247,166.6507696," 2,259 ", 17.1 ,0,0,2.340692843,0,1.887344967,0,0,0.36557374,0,0,0,0,1.91104031,6.504651859
200705024,PRIAs,Wake,2007,Forereef,19.27902211,166.6577239," 2,357 ", 13.7 ,0,0,0.193053888,0,5.427386311,0,0,2.49730777,0,0,0,0,0.536862074,8.654610042
200903221,PRIAs,Wake,2009,Forereef,19.32051683,166.6225103," 2,278 ", 15.1 ,0,0,0,0,0.187264517,0,0,1.838640345,0,0.072332561,0,0,0.058250258,2.156487681
200903222,PRIAs,Wake,2009,Forereef,19.32370547,166.6071332," 2,008 ", 15.1 ,0,0,0.113979308,0,0.119977412,0,0,13.32752318,0,0,0,8.24708563,0.802934681,22.61150021
200903223,PRIAs,Wake,2009,Forereef,19.31337129,166.5953744," 1,245 ", 11.5 ,0,0,0,0,3.400999905,0,0,14.3061333,0,0.303721492,0,0.492858071,0.609418661,19.11313143
200903224,PRIAs,Wake,2009,Forereef,19.31487185,166.6435533," 2,217 ", 14.3 ,0,0,0,0,1.800487899,0,0.061228271,0.094617859,0,0,0,0.096733805,0.003400979,2.056468813
200903231,PRIAs,Wake,2009,Forereef,19.2702688,166.6517121," 2,362 ", 14.8 ,0,0,9.747154434,0,1.288799226,0,0,4.239123486,0,0,0,0.055996302,0.091847296,15.42292074
200903232,PRIAs,Wake,2009,Forereef,19.28189471,166.6571583," 2,400 ", 14.2 ,0,0,0,0,0.288284787,0,0,7.558355234,0,0.377401416,0,0,0,8.224041438
200903233,PRIAs,Wake,2009,Forereef,19.30215832,166.6523418," 2,385 ", 13.3 ,0,0,0.165021661,0,0.638138624,0,0,0,0,0,0,0.216515757,0.521797565,1.541473606
200903241,PRIAs,Wake,2009,Forereef,19.30741,166.5943877," 1,845 ", 19.7 ,0,0,0.124050327,0,0.231312771,0,0,104.544252,0,0.215926195,0.953894574,0.672684731,1.425140973,108.1672616
200903242,PRIAs,Wake,2009,Forereef,19.29588547,166.6007626," 1,708 ", 16.2 ,0,0,0,0,3.095414393,0,0,31.94229395,0,0,0,0,0.242074578,35.27978292
200903243,PRIAs,Wake,2009,Forereef,19.28689022,166.6132414," 1,845 ", 16.9 ,0,0,0.202348555,0,0.176007522,0,0,0.610638661,0,0,0.084594496,0,1.122541853,2.196131087
200903244,PRIAs,Wake,2009,Forereef,19.28016183,166.6283724," 1,850 ", 15.0 ,0,0,0,0,1.713446583,0,0,1.10970671,0,0,0,0,0.359045695,3.182198988
200903245,PRIAs,Wake,2009,Forereef,19.27444049,166.6427811," 2,068 ", 16.9 ,0,0,0.180549736,0.401728837,0,0,0,2.681622521,0,0.096297761,0,0,1.599348864,4.95954772
201103231,PRIAs,Wake,2011,Forereef,19.31646783,166.5984574," 2,129 ", 14.6 ,0,0,0,0,0,0.08811237,0,0,0,0.188034024,0,7.636207135,1.359689537,9.272043065
201103232,PRIAs,Wake,2011,Forereef,19.32433813,166.6138207," 2,201 ", 12.5 ,0,0,0.395215172,0,0,0,0,0.420285989,0,0,0,1.573219895,0.51823427,2.906955326
201103233,PRIAs,Wake,2011,Forereef,19.31670319,166.6293506," 1,894 ", 16.3 ,0.119777761,0,0.649456716,0,0,0,0,0,0,0,0,0.422385225,0,1.191619701
201103234,PRIAs,Wake,2011,Forereef,19.31379834,166.6458949," 2,058 ", 12.8 ,0,0,0,0,0,0,0,0,0,0,0,1.657120376,1.42655086,3.083671236
201103235,PRIAs,Wake,2011,Forereef,19.29935094,166.6527376," 2,214 ", 13.9 ,0,0,2.754653408,0,4.755683978,0,0,17.81993035,0,0.089962514,0,7.718029527,0.540322921,33.6785827
201103241,PRIAs,Wake,2011,Forereef,19.27080699,166.6505538," 2,157 ", 13.8 ,0,0,0.323236831,0,6.422527463,0,0.084013961,0.217947122,0,0,0,0.679307983,0.762035311,8.489068672
201103242,PRIAs,Wake,2011,Forereef,19.27905909,166.6316519," 1,969 ", 15.5 ,0,0,0,0,0.278533645,0,0,9.561416824,0,0,0,0,0.42807199,10.26802246
201103243,PRIAs,Wake,2011,Forereef,19.29100298,166.655698," 2,255 ", 15.1 ,0,0,0.914332628,0,0,0,0,6.614564158,0,0,0,0.47925212,0,8.008148907
201103244,PRIAs,Wake,2011,Forereef,19.27591502,166.6577357," 1,406 ", 15.3 ,0,0,1.493821516,0,5.80968176,0,0,0,0,0.117246324,0,1.457303851,0,8.878053451
201103245,PRIAs,Wake,2011,Forereef,19.28669764,166.6144357," 2,477 ", 12.9 ,0.17397329,0,0,0,2.984153413,0,0,1.008964256,0,0,0,0.106786805,0.328907248,4.602785011
201103251,PRIAs,Wake,2011,Forereef,19.29863882,166.5980508," 1,903 ", 15.7 ,0,0,0.262412695,0,0,0,0,1.759481819,0,0.123770179,0,0.536900554,0.686509008,3.369074254
201103252,PRIAs,Wake,2011,Forereef,19.31181963,166.5948937," 2,117 ", 17.0 ,0.098275858,0,0,0,6.64794669,0,0.349792527,0.42740042,0,0,0,3.314197436,3.218261529,14.05587446
201103271,PRIAs,Wake,2011,Forereef,19.29110316,166.6080733," 2,007 ", 12.6 ,0,0,0.807864116,0,0,0,0,0.246620449,0,0,0.396754631,0,1.564727625,3.015966822
201103272,PRIAs,Wake,2011,Forereef,19.26865459,166.6576098," 2,006 ", 14.9 ,0.103744059,0,0.248959818,0,1.875032013,0,0,3.16300595,0,0,1.452136472,3.34002086,0.053654131,10.2365533
201403161,PRIAs,Wake,2014,Forereef,19.29808721,166.599556," 2,421 ", 13.3 ,0,0,0.30845327,0,0.092866667,0,0,0.690822993,0,0,0,1.340128191,0.739124123,3.171395244
201403162,PRIAs,Wake,2014,Forereef,19.2855189,166.615751," 1,878 ", 13.8 ,0.11081577,0,0.209597012,0,0,0,0,2.21892726,0,0,0,0,1.038831781,3.578171823
201403163,PRIAs,Wake,2014,Forereef,19.2785016,166.6333754," 2,284 ", 13.8 ,0,0,0,0,0,0,0,0,0,0,0,0,1.50275673,1.50275673
201403164,PRIAs,Wake,2014,Forereef,19.27121182,166.6497659," 1,492 ", 16.2 ,0.365991056,0,0,0,0.217617321,0,0.121446053,0.14057406,0,0.237656935,0,0.585106289,25.43804996,27.10644167
201403165,PRIAs,Wake,2014,Forereef,19.31318181,166.5962724," 2,240 ", 12.4 ,0,0,0.102135158,0,0,0,0,0.626751886,0,0,0,0,0.150779068,0.879666112
201403171,PRIAs,Wake,2014,Forereef,19.32449879,166.6121575," 2,159 ", 13.6 ,0,0,0.938758598,0,0,0,0,0.45395602,0,0.101198051,0,0.386032504,1.8401983,3.720143473
201403172,PRIAs,Wake,2014,Forereef,19.31646424,166.6294918," 1,873 ", 12.8 ,0,0,0.116646496,0,0.561618016,0,0,0,0,0,0,0.118763003,1.201537464,1.998564979
201403173,PRIAs,Wake,2014,Forereef,19.3104483,166.6484534," 2,653 ", 13.9 ,0.171005934,0,4.373111417,0,1.161138141,0,0,0.079084205,0,0.088774354,0,0.78610407,0.294132883,6.953351004
201403174,PRIAs,Wake,2014,Forereef,19.28877356,166.6557123," 2,570 ", 12.3 ,0,0,0,0,0,0,0,1.065708575,0,0,0,0.163588961,0.79624234,2.025539875
201403175,PRIAs,Wake,2014,Forereef,19.27158736,166.6591002," 1,372 ", 13.7 ,0,0,0.25161644,0,0.327628482,0,0,0.152860061,0,0.523761023,0,4.503777152,0,5.759643158