"","REGION","ISLAND","STRATA","YEAR","TotFish","Acanthuridae","Albulidae","Aulostomidae","Balistidae","Belonidae","Carangidae","Carcharhinidae","Chanidae","Congridae","Dasyatidae","Diodontidae","Echeneidae","Ephippidae","Fistulariidae","Ginglymostomatidae","Haemulidae","Holocentridae","Kyphosidae","Labridae","Lethrinidae","Lutjanidae","Monacanthidae","Mullidae","Muraenidae","Myliobatidae","Ophichthidae","Oplegnathidae","Scaridae","Scombridae","Serranidae","Sphyraenidae","Sphyrnidae","Stegostomatidae","Tetraodontidae","UNKNOWN","n"
"1","NWHI","French Frigate","Forereef",2000,0.668905960375825,0,0,0,0,0,0.218943682470385,0.252016434645907,0,0,0,0,0,0,0,0,0,0,0,0,0.166911477279508,0.031034365980026,0,0,0,0,0,0,0,0,0,0,0,0,0,0,4
"2","NWHI","Kure","Forereef",2000,0.411150594979534,0,0,0,0,0,0.0290738878749866,0.00983938170383087,0,0,0,0,0,0,0,0,0,0,0,0,0,0.112983112123985,0,0,0,0,0,0,0.0337505708074433,0,0.225503642469288,0,0,0,0,0,6
"3","NWHI","Lisianski","Forereef",2000,0.360657470047171,0,0,0,0,0,0.339418664689318,0.0212388053578531,0,0,0,0,0,0,0,0,0,0,0,0,0,0,0,0,0,0,0,0,0,0,0,0,0,0,0,0,10
"4","NWHI","Maro","Forereef",2000,2.04839160724788,0.386421259613318,0,0,0,0,0.237302962255927,0,0,0,0,0,0,0,0,0,0,0,0,0,0,0,0,0,0,1.22759813707791,0,0,0.197069248300722,0,0,0,0,0,0,0,8
"5","NWHI","Pearl & Hermes","Forereef",2000,1.77917266752867,0,0,0,0,0,1.56444231126996,0.0448371788853624,0,0,0,0,0,0,0,0,0,0,0,0,0,0.120469081119789,0,0,0,0,0,0.0494240962535577,0,0,0,0,0,0,0,0,17
"6","PRIAs","Baker","Forereef",2001,12.5634314902576,0.190713742113162,0,0,0,0,1.81186886233643,0.638484494834497,0,0,0,0,0,0,0,0,0,0,0.391238038913939,0,0,5.8064292921007,0,0,0,2.54645833396402,0,0,0.472242831630027,0,0.705995894364834,0,0,0,0,0,2
"7","PRIAs","Howland","Forereef",2001,15.9847989926187,5.024820570193,0,0,0,0,2.82136830488438,2.29716281146956,0,0,0,0,0,0,0,0,0,0,0,0,0.300490847727262,2.80441796950478,0,0.0322718705998165,0,0,0,0,1.33439376408202,0,0.656532774302408,0,0.71334007985551,0,0,0,2
"8","PRIAs","Jarvis","Forereef",2001,21.6786186151299,0.166361246543997,0,0,0,0,5.59623450654221,2.73740855304125,0,0,0,0,0,0,0,0,0,0,0.293132198783393,0.111306234942057,0.0398302627322171,3.80314214118387,0.00995132479045704,0,0,5.46471926039529,0,0,1.03960345044937,0.4396063081128,0.442276509831178,1.53504661778185,0,0,0,0,2
"9","PRIAs","Kingman","Forereef",2001,4.58771166539662,0,0,0,0,0,0.229842179806326,1.58273133296,0,0,0,0,0,0,0,0,0,0,0,0,0,1.98176978356057,0,0,0,0,0,0,0.79336836906973,0,0,0,0,0,0,0,1
"10","PRIAs","Palmyra","Forereef",2001,17.1758371303729,1.41569286603328,0,0,0.32966229670847,0,0.0477031286529843,0.291127638351974,0,0,0,0,0,0,0,0,0,0,0,7.07416314081782,0,6.36523135993088,0,0,0,0,0,0,1.4129668249162,0,0.239289874961258,0,0,0,0,0,2
"11","PRIAs","Baker","Forereef",2002,32.5839954802273,1.37667637478685,0,0.011485472403171,0.341949843710539,0,2.7215340217116,9.48568352959473,0,0,0,0.316946920993047,0,0,0,0,0,0,0,0,0,5.34863169801725,0.00821001043961984,0,0,2.48275876658644,0,0,0,0,0.19603103215628,9.35069284500797,0.943394964819825,0,0,0,2
"12","NWHI","French Frigate","Forereef",2002,6.12436648092485,0.230325458792836,0,0,0,0,2.90084033233215,1.37737763232037,0,0,0,0,0,0,0.0132030216472477,0,0,0,0,0,0.0246748049899991,1.27089807597818,0,0,0.0890131976198495,0,0,0,0.205845547568244,0,0,0.0121884096759764,0,0,0,0,7
"13","PRIAs","Howland","Forereef",2002,38.9736927350087,0,0,0,0.333381964303445,0,0,4.86323563303055,0,0,0,0,0,0,0,0,0,0,0,0,0,1.50922851819649,0.0278437148276641,0,0,0,0,0,0,0,0.288918229981721,31.9510846746689,0,0,0,0,1
"14","PRIAs","Jarvis","Forereef",2002,67.0926017264204,10.1070623681347,0,0,1.24341583365424,0,10.7731371752856,9.87996236805923,8.16240106498713,0,0.20600414188933,0,0,0,0.0332123034046662,0,0,0,0.205657395827203,0,0,6.53987674942492,0,0,0,18.3417081049956,0,0,1.28934999248994,0,0,0.310814228267772,0,0,0,0,1
"15","PRIAs","Kingman","Forereef",2002,28.1912403330295,0,0,0,0,0,0.522546266620361,18.6990368012143,0,0,0,0,0,0,0,0,0,0,0,0,0,6.73487133855014,0,0,0,0,0,0,0.464654266356256,1.71030908102818,0.0598225792602349,0,0,0,0,0,2
"16","NWHI","Kure","Forereef",2002,14.4437629788976,0.888236249437259,0,0.0110656765785721,0,0,6.01629882382796,1.46172776634751,0,0,0,0,0,0,0,0,0,0,0.0481311046075518,0,0,0.317829200769521,0.011254116802303,0,0,2.83389063637695,0.00560222768059874,0.29791381928303,1.33208867680435,0,1.21972468038201,0,0,0,0,0,5
"17","NWHI","Laysan","Forereef",2002,0.768492350062981,0.218872944488705,0,0,0,0,0.0832847820183643,0,0,0,0,0,0,0,0,0,0,0,0,0,0,0,0,0,0,0,0,0.325786924388785,0.140547699167127,0,0,0,0,0,0,0,3
"18","NWHI","Lisianski","Forereef",2002,5.24672861508523,0.165503949053907,0,0,0,0,3.82471068247007,0.930074647073477,0,0,0,0,0,0,0,0,0,0,0.044245277655709,0,0,0.28219405883207,0,0,0,0,0,0,0,0,0,0,0,0,0,0,6
"19","NWHI","Maro","Forereef",2002,2.03707633477647,0,0,0,0,0,0.639284679268547,1.33135540313901,0,0,0,0,0,0,0,0,0,0,0,0,0,0.0664362523689151,0,0,0,0,0,0,0,0,0,0,0,0,0,0,5
"20","NWHI","Midway","Forereef",2002,13.1845391811407,1.09120293946453,0,0.00143298782010591,0,0,2.31931740710626,3.65437123125863,0,0,0,0,0,0,0,0,0,0,0,0,0.021263394754291,0.411274508321806,0.00264264665978962,0,0,3.38332001563503,0,0.234677943371081,1.93571805072286,0,0.0897607318938917,0.0395573241324323,0,0,0,0,10
"21","SAMOA","Ofu & Olosega","Forereef",2002,4.18571592189319,0.0445710003725186,0,0,0.12383833792917,0,0.10441217454822,0.579373439231753,0,0,0.217841620369765,0.058207489141327,0,0,0,0,0,0,0,0.361058784873256,0.0963940750153631,0.836037527404377,0,0,0,0.0967334478426403,0,0,1.51617650909533,0.0213224355376156,0.0328090186483462,0.0969400618835043,0,0,0,0,8
"22","PRIAs","Palmyra","Forereef",2002,34.9072558203041,0.0207633633838866,0,0.00276635287362063,0.450908424886023,0,1.80057431219879,6.02803588536774,1.53923769171664,0,0,0,0,0,0.00214710134753091,0,0,0,0.0221029609433887,4.49691517351437,0.0571402223538664,7.35934015690144,0.00268779603491444,0,0.00393555464763464,1.77550422266247,0,0,0.988705876605282,0,0.207817354012372,9.99965934490726,0.149014025946882,0,0,0,10
"23","SAMOA","Rose","Forereef",2002,3.21196943250053,0.0791488516017067,0,0,0.0801382170716603,0,0.212408990808722,0.772721958852299,0,0,0,0,0,0,0,0,0,0,0,0,0,1.94402874358535,0,0,0,0,0,0,0.0647314748339823,0,0.0587911957468055,0,0,0,0,0,3
"24","SAMOA","Swains","Forereef",2002,18.1607825683534,0.146214499039851,0,0,0.0458073896277933,0,4.58917410263749,0.213407918239286,0,0,0,0,0,0,0,0,0,0,0,0.71880113313029,0,2.15125371818294,0,0,0,0,0,0,0.133112822948261,0,0,10.1630109845475,0,0,0,0,6
"25","SAMOA","Tau","Forereef",2002,2.14448094980465,0.210965841433887,0,0,0.156033666274229,0,0.043891794637839,0.0809603233858547,0,0,0,0,0,0,0,0,0,0,0,0.798500804897413,0.29574022718216,0.195063089369367,0,0,0,0,0,0,0.330235383325971,0,0.0330898192979314,0,0,0,0,0,4
"26","SAMOA","Tutuila","Forereef",2002,5.00780063996854,0.22359857724893,0,0,0,0,0.107881526928064,0.175215481681188,0,0,0.634988447487056,0.0370139344000725,0,0,0,0,0.0264339708283288,0,0.0561672669125512,1.12043325134106,0,0.477576900809126,0.0041942229445636,0,0,0,0,0,0.143933268595478,0,0,0.379385426943832,0,1.58372914507347,0.0372492187748148,0,6
"27","MARIAN","Agrihan","Forereef",2003,8.42670864471773,0.472471877108564,0,0,0.0295733454952988,0,1.05854363421896,2.65830254765502,0,0,0.102914045251686,0.0243420422766137,0,0,0,0.376466130998556,0,0,0,0.0190247722338798,0,2.78413452889598,0,0,0.0209852669730788,0.133152943812174,0,0,0.728348772601052,0,0.0128145484009486,0.00563418879592778,0,0,0,0,12
"28","MARIAN","Aguijan","Forereef",2003,1.67288163727517,0.0725512559744479,0,0,0,0,0.214369645604733,0.328250686660936,0,0,0,0.214812755240951,0,0,0,0,0,0,0,0,0,0.179012630456755,0,0,0.154487245770535,0,0,0,0.509397417566813,0,0,0,0,0,0,0,4
"29","MARIAN","Alamagan","Forereef",2003,10.5917718354658,0.67237467597496,0,0,0.0500178292893219,0,1.05784781405198,2.27513681488996,0,0,0.890029700710229,0,0,0,0,1.35327460926163,0,0,0,0,0.0572830161578749,3.40995548421113,0.0108521631010665,0,0,0,0,0,0.814999727817614,0,0,0,0,0,0,0,6
"30","MARIAN","Anatahan","Forereef",2003,2.36307619792525,0.100266954859108,0,0,0,0,0.919808016038834,0.509219626175637,0,0,0.0364152187311167,0.0220713544189351,0,0,0,0,0.0201386694399308,0,0.0236462523015513,0,0,0.440157937050015,0,0,0.0078437199808333,0,0,0,0.283508448929285,0,0,0,0,0,0,0,11
"31","MARIAN","Arakane","Forereef",2003,3.23452153254416,1.05405018593547,0,0,0.0697847145027749,0,0.303642510126735,0.18140637516799,0,0,0,0,0,0,0,0,0,0,0,0,0.0993639205399964,1.10498619403811,0,0,0.00896588766929908,0,0,0,0.412321744563785,0,0,0,0,0,0,0,5
"32","MARIAN","Asuncion","Forereef",2003,20.9348789148916,1.75958798634858,0,0,0.075696611922031,0,1.17955235402378,7.21358799578189,0,0,0,0,0,0,0,1.71185765049995,0.0781850754430146,0,0,0,0,7.62661102898532,0.0130362483193567,0,0,0,0,0,1.1818427430131,0,0.094921220554534,0,0,0,0,0,6
"33","MARIAN","Farallon de Pajaros","Forereef",2003,32.3895765780512,3.70814310491688,0,0,0.045438045090891,0,7.2473645811001,8.56221826733575,0,0,0.349370194114152,0,0,0,0,1.9643494185483,0,0,0,0,0,8.81529978519133,0.00412677752630115,0,0.0548163631226679,0.161937369355819,0,0,0,0,0.851709133554243,0.624803538194734,0,0,0,0,8
"34","NWHI","French Frigate","Forereef",2003,5.01468995958302,1.34538503328052,0,0,0,0,1.04173235307378,0.718502362995745,0,0,0,0,0,0,0,0,0,0,0,0,0,0.899293246643377,0,0,0,0,0,0,1.0097769635896,0,0,0,0,0,0,0,2
"35","MARIAN","Guam","Forereef",2003,1.6457557696844,0.451980638561289,0,0,0.0390829091240206,0,0.0516019649879361,0.188520278468908,0.0181357146819629,0,0.0481967043298451,0.0928439700171337,0,0.0301095400082191,0.00701750995750837,0.0627806202548967,0,0,0,0.118422389336002,0.0381452701400143,0,0,0,0,0,0,0,0.498918259816667,0,0,0,0,0,0,0,17
"36","MARIAN","Guguan","Forereef",2003,5.7736416659493,0.506942138170572,0,0,0.0697452011962481,0,0.759348962079059,0.904496293859661,0,0,0,0.0646382855361625,0,0,0,0.285424159839643,0,0,0,0,0,2.55700833276717,0.00655870880366981,0,0.0141647855259076,0,0,0,0.605314798171212,0,0,0,0,0,0,0,6
"37","NWHI","Kure","Forereef",2003,15.556898706638,1.14929806712832,0,0,0,0,3.58634999388006,4.49378593079702,0,0,0,0,0,0,0,0,0,0,0,0.120102274180915,0,0.765704509668611,0,0.00946188426906334,0,0,0,1.75071473879574,2.50519289165849,0,1.17628841625977,0,0,0,0,0,7
"38","NWHI","Laysan","Forereef",2003,2.78208167929731,0.402392317087112,0,0,0,0,0.786939908790068,0,0,0,0,0,0,0,0,0,0,0,0,0.0185074175505442,0,0.212256443119384,0,0,0,0.526897894043013,0,0.131522861546848,0.703564837160345,0,0,0,0,0,0,0,4
"39","NWHI","Lisianski","Forereef",2003,5.46342900923598,0.124618529958791,0,0,0,0,4.79664439216353,0.207730725716415,0,0,0,0,0,0,0,0,0,0,0,0.0110780528153208,0,0.184899718409308,0,0,0,0,0,0,0.138457590172619,0,0,0,0,0,0,0,7
"40","NWHI","Maro","Forereef",2003,11.4259099952235,0.067025542282704,0,0,0,0,0.92220017763612,5.60854982928663,0,0,0,0.0475925384180992,0,0,0,0,0,0,0.146257615063726,0.12940025523086,0.0583138480104191,0.306003646003591,0,0,0,0.506495794308878,0,0.142797550663157,3.49127319831932,0,0,0,0,0,0,0,6
"41","MARIAN","Maug","Forereef",2003,17.196021124576,1.37796971914496,0,0,0.0836819388815717,0,1.67566068297782,4.82284149183137,0,0,0,0.0305039296747578,0,0,0,0.887337730988523,0,0,0,0,0,6.67427709996374,0,0,0.0189156402693371,0.0435565827798542,0,0,1.19456307799872,0.241372007201736,0.0559268630463398,0.0894143598172675,0,0,0,0,12
"42","NWHI","Midway","Forereef",2003,53.7662865851073,14.174197688694,0,0,0,0,2.49762241184799,25.6793131056765,0,0,0,0,0,0,0,0,0,0,0,0.863473787925078,0,0.94698144445527,0,0,0,0,0,1.83232908616921,7.51994885364892,0,0.252420206690392,0,0,0,0,0,2
"43","NWHI","Necker","Forereef",2003,18.2548040628756,0,0,0,0,0,3.32126457031139,10.1703051829881,0,0,0,0,0,0,0,0,0,0,0,0.297307416245495,0,4.46592689333058,0,0,0,0,0,0,0,0,0,0,0,0,0,0,1
"44","MARIAN","Pagan","Forereef",2003,8.29027683717101,0.143737196049358,0,0,0.0154459132507859,0,0.8328550268343,0.495746540021075,0,0,1.52548354338266,0.0910161536479899,0,0,0.00034012250347609,1.28046483247265,0.0594980081059527,0,0,0,0,2.79008987043893,0,0,0.0365608882758264,0.0869618819544651,0,0,0.881874626595409,0,0.00703254530478828,0.0431696883333448,0,0,0,0,21
"45","MARIAN","Pathfinder","Forereef",2003,14.7549399057187,3.3930623855639,0,0,0.348416642424931,0,3.05205938756897,3.05831693307936,0,0,1.65497769178767,0,0,0,0,0,0,0,0,0.0691838463145455,0,3.10184417807689,0,0,0,0,0,0,0.0770788409024091,0,0,0,0,0,0,0,4
"46","NWHI","Pearl & Hermes","Forereef",2003,28.0405936307616,0.787213909766275,0,0,0,0,18.9779662476635,5.10313574673471,0,0,0,0.0456595563250389,0,0,0,0,0,0,0.052185641434285,0.0517354736826727,0,2.60492378692875,0,0.0354740347030268,0,0.0980050140593507,0,0.132950726780416,0.151343492683586,0,0,0,0,0,0,0,7
"47","MARIAN","Rota","Forereef",2003,5.01236918867315,0.259260402110211,0,0,0.0241751238321577,0,0.643986674085735,0.224238337580158,0,0,0.0587801878579718,0.0380613037835532,0,0.0995346118415298,0.0318557152626531,0,0.0127246046469038,0,0,1.31177941034277,0,0.362419781811446,0,0,0.126526208571976,0,0,0,1.78787078490483,0,0,0.0107883198324757,0,0,0.0203677222087843,0,12
"48","MARIAN","Saipan","Forereef",2003,1.35926541211146,0.0768438082733917,0,0,0,0,0.0233275117442055,0.0259822864105023,0,0,0.690755092762494,0.0427888134245643,0,0,0.00254216549159333,0,0,0,0,0,0,0.0302440352022163,0,0,0.0606783907390516,0,0,0,0.0918115251769065,0,0,0.314291782886532,0,0,0,0,6
"49","MARIAN","Santa Rosa","Forereef",2003,1.8197766595354,0.20384354356654,0,0,0,0,0.367820077315416,0,0,0,0,0,0,0,0,0,0,0,0,0,0,0,0,0,0,0.867270569753367,0,0,0.380842468900072,0,0,0,0,0,0,0,3
"50","MARIAN","Sarigan","Forereef",2003,7.7758796869517,0.135851821168256,0,0,0,0,1.21647624721302,0.554048331083534,0,0,0,0,0,0,0,3.02142720754092,0,0,0,0.453878841141704,0,1.57373080626246,0,0,0.114981950631779,0.0795407208068776,0,0,0.412932915142892,0,0.0917507839614336,0.121260061998818,0,0,0,0,5
"51","MARIAN","Tatsumi","Forereef",2003,3.62238606030998,0,0,0,0.140154720422289,0,0.649727421431906,0,0,0,1.12651063296625,0.122028622755572,0,0,0,0,0,0,0,0,0,1.11276192803932,0,0,0.00959835333582207,0,0,0,0.461604381358824,0,0,0,0,0,0,0,2
"52","MARIAN","Tinian","Forereef",2003,2.24170544906237,0,0,0,0,0,0,1.2164326369469,0,0,0,0.0884612559592792,0,0,0,0,0,0,0,0,0,0.129281731766018,0,0,0.154772910496142,0,0,0,0.556684638310137,0,0,0,0,0,0.0960722755838965,0,5
"53","PRIAs","Baker","Forereef",2004,40.6957586183872,7.59459408928111,0,0,0.109251088969659,0,2.47178338973391,14.3473358788489,0.170509478007252,0,0,0,0,0,0,0,0,0,0,0,0.087864468071462,7.9903800489306,0.00536132713858809,0,0.0487761839099421,3.09930012860424,0,0,0.211082499712565,0.229683076845888,0.344265574715089,3.98557138561801,0,0,0,0,6
"54","NWHI","French Frigate","Forereef",2004,7.24835386569276,3.29726842282007,0,0,0,0,0.733103766454474,1.8794886924225,0,0,0,0,0,0,0,0,0,0,0,0,0.218780967328338,0.52967840921189,0,0,0,0,0,0,0.367198252886742,0,0,0.222835354568746,0,0,0,0,7
"55","NWHI","Gardner","Forereef",2004,13.0315604019724,0.244497540107797,0,0,0,0,9.82466891233506,0.782258310365464,0,0,0,0,0,0,0,0,0,0,0,0,0.130584150357419,1.00129306355734,0,0,0,0,0,1.04825842524933,0,0,0,0,0,0,0,0,2
"56","PRIAs","Howland","Forereef",2004,47.9686080097425,5.5761005337739,0,0,0.207830270214933,0,10.3065319969885,15.6763128072482,0,0,0,0,0,0,0.0011886818445888,0,0,0,0,0,0.714092275702329,11.5674273220992,0.0633623917023763,0,0.0976006367006766,1.07979345076841,0,0,1.25786198787312,0,0.342565570156175,1.07794008467018,0,0,0,0,7
"57","PRIAs","Jarvis","Forereef",2004,140.173617702421,2.13166871253804,0,0,0.819447241509161,0,1.64044526062237,21.4259154017034,0,0,0.329928591899515,0.118985007438519,0,0,0,0,0,0,0,0,0,3.5185261901291,0.0251800225162656,0,0,75.3554857733748,0,0,1.3923196786307,0,0.563626161425216,2.68463507581135,30.1674545848225,0,0,0,7
"58","PRIAs","Johnston","Forereef",2004,10.0597115146598,0.951944760950238,0,0.0114292696221989,0,0,0.534758315540868,6.53605611676124,0,0,0,0,0,0,0.0309178028069918,0,0,0,0,0,0,0.170056593656071,0.00871959725165256,0,0.00435986806172021,1.68277203617642,0,0,0.063771606435683,0,0,0.0649255473966722,0,0,0,0,14
"59","NWHI","Kure","Forereef",2004,4.15213510315785,0.427340342091543,0,0,0,0,1.07934724965426,0,0,0,0,0,0,0,0,0,0,0,0,0,0,0.556507332215697,0,0,0,0,0,0.22860242233989,1.45806663352615,0,0.402271123330316,0,0,0,0,0,7
"60","NWHI","Laysan","Forereef",2004,3.13305000638355,0.263758919076281,0,0,0,0,0.845388999739614,0,0,0,0,0,0,0,0,0,0,0,0,0,0.0725840626854178,0.927875533649763,0,0,0.0352397568253984,0.623049781554295,0,0.224786938645026,0.140366014207755,0,0,0,0,0,0,0,4
"61","NWHI","Lisianski","Forereef",2004,4.53373340520216,0,0,0,0,0,4.03345328794004,0.0981559378715335,0,0,0,0,0,0,0,0,0,0,0,0,0,0.307016240144859,0,0,0.0510651378579567,0,0,0,0.044042801387763,0,0,0,0,0,0,0,5
"62","NWHI","Maro","Forereef",2004,2.80248378710372,0,0,0,0,0,2.39780488799181,0.124327038262365,0,0,0,0.167603207458305,0,0,0,0,0,0,0,0,0,0.112748653391235,0,0,0,0,0,0,0,0,0,0,0,0,0,0,4
"63","NWHI","Midway","Forereef",2004,12.3151049306324,0,0,0,0,0,0.854936773615078,6.79313423848071,0,0,0,0,0,0,0,0,0,0,0,0,0,1.41000160804879,0,0,0,0.470577347770924,0,0.0960401930789734,1.5779497770724,0,1.11246499256549,0,0,0,0,0,6
"64","SAMOA","Ofu & Olosega","Forereef",2004,3.6916457289339,0.498510857502863,0,0,0,0,0.143203008696175,0.122060237483979,0,0,0.0755508745099835,0.0175946794534251,0.00245269169431341,0,0.00463084030076554,0.160741810638829,0,0,0,0.229454233828901,0,0.332957617738041,0,0,0.00840280991759126,0.0487136893001743,0,0,0.709992953916538,0,0,1.33737942395232,0,0,0,0,14
"65","NWHI","Pearl & Hermes","Forereef",2004,7.89049472233368,0.109448494171627,0,0,0,0,3.85682013064436,1.58443931586397,0,0,0,0,0,0,0,0,0,0,0,0,0,1.92496222911198,0,0,0.0451849543268559,0,0,0.369639598214891,0,0,0,0,0,0,0,0,9
"66","SAMOA","Rose","Forereef",2004,3.57644064754435,1.22363142050056,0,0,0.0345902797760219,0,0.204684406263468,0.22029175397571,0,0,0,0,0,0,0.000742832006295721,0,0,0,0,0.245097727373662,0.0190376787125568,1.28123998165773,0,0,0.0290710211785231,0.0377900613512722,0,0,0.260270973221866,0,0.0199925115266757,0,0,0,0,0,9
"67","SAMOA","Swains","Forereef",2004,14.8688903590069,2.79620511740879,0,0,0.0914813791054264,0,3.702410017257,0.0612296156940846,0,0,0.0689097223617035,0,0.0205536655393811,0,0.080800001961106,0,0,0,0,1.89363842683153,0.0563589907243813,2.09888450095643,0,0,0.1281029374592,0,0,0,0.422016153264379,0,0,3.44829983044346,0,0,0,0,13
"68","SAMOA","Tau","Forereef",2004,3.25113511471063,0.705577677482002,0,0,0.0370913533818398,0,0.061569167394189,0.24744311531372,0,0,0,0,0,0,0.00798187695659516,0,0,0,0,0.637067953767811,0,0.293087755234224,0,0,0.00472192233334547,0,0,0,1.16549115003056,0,0.0232739514084114,0.0368368938789747,0,0,0.0309922975289642,0,12
"69","SAMOA","Tutuila","Forereef",2004,3.56749892963063,0.55363249512152,0,0.000603683017454114,0.0397414707063505,0,0.147277428380463,0.333133530013588,0,0,0.0276376555133721,0.0317377265281576,0,0.115279073975792,0.000219259008906401,0,0.00556285338295963,0,0.00460768795686303,0.17956443544922,0,0.274086621222825,0,0,0.000648488946970232,0.0604251097139643,0,0,0.903680307228232,0.00685205268529379,0.0409900064650253,0.821398930047961,0,0,0.0204201142657121,0,38
"70","MARIAN","Agrihan","Forereef",2005,8.49984926378124,0.529864059584236,0,0,0.0572871311008987,0,1.71430462672692,3.81357429882184,0,0,0,0,0,0,0,0.725947124225234,0,0,0,0,0,0.851256295675908,0,0,0.0142861107796802,0.196518733576375,0,0,0.510565326027455,0,0.0326431382385071,0,0,0,0.0536024190241905,0,5
"71","MARIAN","Aguijan","Forereef",2005,2.74223278499934,0.532917513242328,0,0,0.196481777967418,0,0.216895340962934,0.72807950210746,0,0,0.328592601944797,0.0936853503214838,0,0,0,0,0,0,0,0,0,0.109030769527385,0,0,0,0,0,0,0.182690686019623,0.188750384629313,0.0302751366916647,0,0,0,0.134833721584937,0,5
"72","MARIAN","Alamagan","Forereef",2005,9.41765214276212,0.621008703621492,0,0,0.285638956180081,0,0.297408201945805,5.33033842437926,0,0,0,0,0,0,0.0148545239806598,0,0,0,0,0.503526664803488,0.220913480681512,0.703115453399841,0,0,0,0,0,0,1.19092694655267,0,0,0.105127737672415,0,0,0.144793049544894,0,6
"73","MARIAN","Arakane","Forereef",2005,13.8219624129365,4.40811251765227,0,0,0.131194711728469,0,2.86942203917166,3.96377100595595,0,0,0.264423042925989,0,0,1.14507884544435,0,0,0,0,0,0,0,0.350431327834367,0,0,0,0,0,0,0.632680400176476,0,0.0568485220469974,0,0,0,0,0,3
"74","MARIAN","Asuncion","Forereef",2005,17.3872386503549,0.807800722857037,0,0,0,0,1.94568192982288,10.4054567204547,0,0,0.233547798205359,0,0,0,0,2.28422125993914,0,0,0,0,0,1.25417766283447,0,0,0.043959676354935,0,0,0.049641133389236,0.232313554408686,0,0,0.130438192088526,0,0,0,0,5
"75","MARIAN","Farallon de Pajaros","Forereef",2005,2.03003658000648,0.0852693835061646,0,0,0.0821264415440184,0,0.717189151070424,0.3572889927921,0,0,0,0,0,0,0,0,0,0,0,0,0,0.733240009695139,0,0,0,0,0,0,0,0,0.0394757431268492,0.0154468582717878,0,0,0,0,4
"76","MARIAN","Guam","Forereef",2005,0.362173887782665,0.0154078143823678,0,0,0,0,0.00927463006977957,0,0,0,0,0.0137239378184509,0,0,0.00294280663971598,0,0,0,0,0.172646170429167,0.00758082191882687,0.092843349870735,0,0,0.00989255570326678,0,0,0,0,0,0.0191554390876021,0.0187063618627531,0,0,0,0,18
"77","MARIAN","Guguan","Forereef",2005,4.32519259370374,0.5190844487066,0,0,0,0,0.203894030213844,0.442325432651841,0,0,0,0,0,0,0,2.85933279651198,0,0,0,0,0,0,0,0,0,0,0,0,0.300555885619472,0,0,0,0,0,0,0,2
"78","MHI","Kauai","Forereef",2005,0.655500906849638,0.158408291520272,0,0,0,0,0.01989728691127,0.0825210016832564,0,0,0,0.00978806224759111,0,0,0,0,0,0,0,0,0,0.130088461683245,0,0,0,0.0886258162326521,0,0.0297551867776822,0.128901907582434,0,0.00751489221123581,0,0,0,0,0,21
"79","MHI","Lanai","Forereef",2005,1.21119811009421,0.0451715767299568,0,0,0,0,0,0.140214073961705,0.497947891054469,0,0,0,0,0,0,0,0,0,0,0,0,0,0,0,0,0,0,0,0.527864568348078,0,0,0,0,0,0,0,9
"80","MARIAN","Maug","Forereef",2005,9.30717128906201,0.734654233251692,0,0,0.089753587834925,0,2.12755183193956,4.06090539710677,0,0,0.0360790923835089,0.0300474635222286,0,0,0,0.649238893548959,0,0,0,0.0208806228140108,0,1.17479511580974,0,0,0,0,0,0,0.307147422619504,0.0642818054691809,0.0118358227619311,0,0,0,0,0,11
"81","MHI","Maui","Forereef",2005,0.224223435038771,0.0127321829949773,0,0,0,0,0,0,0,0,0,0,0,0,0.00797633169805225,0,0,0,0,0,0,0,0,0,0.139625010236219,0,0,0,0.0638899101095234,0,0,0,0,0,0,0,11
"82","MHI","Molokai","Forereef",2005,0.272205679420144,0.123376540415108,0,0,0,0,0,0,0,0,0,0,0,0,0,0,0,0,0,0,0,0,0,0,0,0,0,0,0.0968100391663581,0,0.0520190998386781,0,0,0,0,0,7
"83","MHI","Niihau","Forereef",2005,4.41323533358992,0.946256555912493,0,0,0,0,0.810255073399346,1.24630860768286,0,0,0,0,0,0,0.0180915858712379,0,0,0,0,0,0,0.262885415628649,0,0,0.0141383766719197,0.132497479938354,0,0,0.970186483167401,0,0,0.0126157553176533,0,0,0,0,14
"84","MHI","Oahu","Forereef",2005,3.90350456718406,0.0171501376101719,0,0,0,0,0.843370160989188,0,0,0,0.687818627949576,0,0,0,0.00556405955511755,0,0,0,0.0829667868673164,0,0,0.0654341558959165,0,0,0.0295359223276084,1.97609338517788,0,0,0.195571330811289,0,0,0,0,0,0,0,14
"85","MARIAN","Pagan","Forereef",2005,3.45869381403119,0.135255594666286,0,0,0.140643277722125,0,0.386669572128719,0.318112984805666,0,0,0.115575593611034,0.0518403776606161,0,0,0,0.496029552424263,0.0175329075714178,0,0,0.0246117878966445,0,0.746456516947303,0,0,0,0,0,0,0.581733440135966,0,0.04145787296935,0.363352779436437,0,0,0.0394215560553648,0,12
"86","MARIAN","Pathfinder","Forereef",2005,5.50990517327876,1.76631421533498,0,0,0,0,0,2.5367456603154,0,0,0,0,0,0,0.0378976587784135,0,0,0,0,0.778216898598907,0,0.308521745413794,0,0,0,0,0,0,0.0822089948372585,0,0,0,0,0,0,0,3
"87","MARIAN","Rota","Forereef",2005,4.82595750473258,0.322279866451364,0,0,0.070396213205961,0,0.10159947200027,0.0707220917207394,0,0,0,0.0578285227675332,0,0.657326471643503,0.0265606633939337,0,0,0,0,1.26782685819253,0,0.0759321183412583,0,0,0,0,0,0,0.486466077020019,0.224544109508159,0.0173567522704319,1.44711828821687,0,0,0,0,11
"88","MARIAN","Saipan","Forereef",2005,2.62661326995158,0.0625167652319513,0,0,0.0236585554401135,0,0.263997345855379,0.0446891715448394,0,0,0.447557416654028,0.0730110918565326,0,0,0.00278716771639257,0,0,0,0,0.236796101574055,0,0.0465540197229824,0,0,0.0642435423109985,0.0216266557096326,0,0,0.192449788389005,0,0.0429609657490371,1.09564421625608,0,0,0.00812046594056262,0,17
"89","MARIAN","Santa Rosa","Forereef",2005,2.22452914697448,0,0,0,0,0,0,0,0,0,1.86595262969732,0,0,0,0,0,0.298839788608345,0,0,0,0,0.0597367286688147,0,0,0,0,0,0,0,0,0,0,0,0,0,0,3
"90","MARIAN","Sarigan","Forereef",2005,6.20405696860703,0.698542870744193,0,0,0.141236242534412,0,2.53926893431296,0.855246997586058,0,0,0,0.0523383928753784,0,0,0,0.809204951387945,0,0,0,0,0.0357213696217236,0.605485308619088,0,0,0,0,0,0,0.467011900925268,0,0,0,0,0,0,0,5
"91","MARIAN","Tinian","Forereef",2005,1.70079644505184,0.0475343119878573,0,0.00191390077815941,0.0735494483015273,0,0.0393617657668556,0.0318371007623317,0,0,0.757332380219394,0.0831705661761596,0,0,0.00846724072845507,0,0,0,0,0.165229604053801,0,0.0721983131310946,0.00168197277316851,0,0.0081757964727938,0,0,0,0.161645766549392,0,0.0184791008043403,0.206613440160702,0,0,0.0236057363858079,0,12
"92","PRIAs","Wake","Forereef",2005,39.7266436150185,0.341413063383588,0,0.00462368676651248,0.0536262967415555,0,21.4281030851692,1.92510265069968,0.708383745550684,0,0,0.124896647898833,0,0,0.0820987984570085,0,0,0,0,8.48076160383009,0.0286749016965689,0.075776117407539,0.00801440878353727,0,0.307143666746933,1.34309738638929,0,0,4.65311441425704,0,0.0966518962196967,0.0651612450207023,0,0,0,0,6
"93","PRIAs","Baker","Forereef",2006,11.2429733029168,0.699930955248991,0,0,0.191651123545925,0,1.30108092309526,5.04585309494697,0,0,0,0,0,0,0.00273423994719388,0,0,0,0,0,0,2.52874351290784,0,0,0,0,0,0,0.919517950385576,0.170824942736183,0.336912524827103,0.045724035275782,0,0,0,0,6
"94","NWHI","French Frigate","Forereef",2006,4.49694320123577,0.231487287595342,0,0.00217341801874116,0,0,1.71484894802986,1.45182454111871,0,0,0,0,0,0,0.0197428863992001,0,0,0,0,0,0.0778704014878056,0.707083822115614,0,0,0,0,0,0,0.291911896470507,0,0,0,0,0,0,0,8
"95","MHI","Hawaii","Forereef",2006,2.4002244467206,0.188176117821965,0,0.00970852659184675,0.0109460852022053,0,0.0974866704947168,0,0.0131354962532278,0.014066805654713,0,0.0272800670948571,0,0,0.00318088338831772,0,0,0,0.0337563005138184,0.00781300802705448,0.0274359136340169,0.0297766483363057,0,0.00189663268251981,0.0401017280572759,0.130869718635824,0,0.0157104042081522,1.5746962627052,0,0.0619445940164996,0,0.112242583402077,0,0,0,30
"96","PRIAs","Howland","Forereef",2006,49.9011649921198,2.20900454988233,0,0,0.161844213329817,0,1.94957304859079,23.2238745906291,0,0,0,0,0,1.90214543695709,0.00292022626236054,0,0,0,0,1.49226198922402,0,6.96973595460809,0,0,0,0.0153363239435444,0,0,1.1983887555497,7.02881148253926,0.340705865637412,3.11076472210491,0.295797832861374,0,0,0,6
"97","PRIAs","Jarvis","Forereef",2006,125.11304885218,5.22519763102974,0,0.0294000388304275,0.571569006225561,0,26.3577843874162,60.2752772587218,0,0,0.177633056910225,0.107828848168676,0,0,0.000713809937004419,0,0,0,0,0.296579761288197,0.0383628649490821,4.10889751955791,0.0122152685129705,0,0.00319923246678126,9.16072745664316,0,0,2.05140665976921,0,0.29736689241399,11.3183452019173,5.08054395742152,0,0,0,9
"98","PRIAs","Johnston","Forereef",2006,6.98945059220099,0.0331155348109562,0,0.0105261327124666,0,0,0.61672532212763,5.8993514818043,0,0,0,0,0,0,0.0159156418543393,0,0,0,0,0,0,0.0918933696832922,0,0,0,0.153847031763084,0,0,0.168076077444929,0,0,0,0,0,0,0,10
"99","MHI","Kauai","Forereef",2006,1.44153603343736,0.158111022350718,0,0,0,0,0.0480578559922271,0.364775320817923,0,0,0,0,0,0,0.0186277983178405,0,0,0,0,0.00685972414336138,0.0229843863738387,0.0203832555752645,0,0.00489167826516444,0.0624400383732291,0.0227095726774811,0,0.0416110444071634,0.670084336143148,0,0,0,0,0,0,0,13
"100","MHI","Kaula","Forereef",2006,1.74061493415872,0,0,0.0558205265624876,0,0,0,0,0,0,0,0,0,0,0,0,0,0,0,0,0,0,0,0,0,0,0,0,1.68479440759623,0,0,0,0,0,0,0,1
"101","PRIAs","Kingman","Forereef",2006,38.0545758133322,0.521355158851987,0,0,0.0798129670450409,0,0.307324193187521,7.71095134447765,0.168115191457979,0,0,0,0,0,0.00619100811946156,0,0,0,0,0,0.0133511867451815,3.88893140810302,0,0,0,23.5114534565433,0,0,1.37155585381458,0,0.0295010655113766,0.347306198974533,0.0987267805005949,0,0,0,10
"102","NWHI","Kure","Forereef",2006,2.24310122515557,0,0,0,0,0,0.233817364831475,0.552944469600989,0,0,0,0,0,0,0,0,0,0,0,0,0,0.4892876979374,0,0,0,0,0,0.19505334454618,0.598019662775264,0,0.173978685464257,0,0,0,0,0,6
"103","MHI","Lanai","Forereef",2006,1.05703695248534,0.0753978537776593,0,0.00465349521903615,0,0,0,0,0,0,0,0.0200382631597723,0,0,0.00231962817807611,0,0,0,0,0,0,0,0,0,0.245565915568964,0.391342724081696,0,0,0.265537357187653,0,0.0521817153124795,0,0,0,0,0,11
"104","NWHI","Laysan","Forereef",2006,0.716222377271834,0.0611125575079988,0,0,0,0,0.250721218258746,0,0,0,0,0,0,0,0,0,0,0,0,0,0,0,0,0,0,0,0,0.107135907393328,0.297252694111761,0,0,0,0,0,0,0,4
"105","NWHI","Lisianski","Forereef",2006,1.43378610759053,0,0,0,0,0,1.05512893092459,0.29115377096231,0,0,0,0,0,0,0,0,0,0,0,0,0,0.0450655746944537,0,0,0,0.042437831009177,0,0,0,0,0,0,0,0,0,0,8
"106","NWHI","Maro","Forereef",2006,3.60378051334798,0,0,0.0167704034104285,0,0,0.845527665048592,2.40388308617486,0,0,0,0,0,0,0,0,0,0,0,0,0,0.089789145685035,0,0,0,0,0,0,0.24781021302907,0,0,0,0,0,0,0,5
"107","MHI","Maui","Forereef",2006,2.00452861295596,0.0290661989982796,0,0.013480595769898,0,0,0.0893693492208759,0.017365048978968,0.111670380481168,0,0,0,0,0,0.0260424219803303,0,0,0,0,0.00655543048927176,0,0.0363407399531484,0.00144176166387391,0,0.0624411958369716,0.529152189900179,0,0.00854989787581096,1.01277253933317,0,0.0149738170585302,0.045307045415489,0,0,0,0,26
"108","NWHI","Midway","Forereef",2006,8.42096883173277,0.319217516643273,0,0.00552193612138355,0,0,2.25779203011878,1.50484571718595,0,0,0,0.0849373597903006,0,0,0,0,0,0,0,0,0,0.720032835120728,0.00343265383962128,0,0,0,0,0.143490050313858,2.72859553258178,0,0.653103200017092,0,0,0,0,0,6
"109","MHI","Molokai","Forereef",2006,0.970620064277516,0.242750792797605,0,0.0023757859209379,0,0,0.0505623538238487,0,0,0,0,0,0,0,0,0,0,0,0,0,0,0.104503114544247,0,0,0.00722469297151652,0,0,0,0.56320332421936,0,0,0,0,0,0,0,7
"110","NWHI","Necker","Forereef",2006,8.44570546134555,0,0,0.00488561024254868,0,0,5.78653028846948,1.14016298909941,0,0,0,0,0,0,0.058722002395431,0,0,0,0,0,0.4828533354004,0.690953957723854,0,0,0,0.0826703279672267,0,0.056048087993266,0,0,0,0.142878862053927,0,0,0,0,4
"111","MHI","Niihau","Forereef",2006,2.98056566777661,0.0549042430261058,0,0.0139982983290881,0,0,0.231005633393164,0.460330566193689,0,0,0,0,0,0,0.0548006858400675,0,0,0,0.0174860605477998,0,0.0946067908421553,0.167935359429918,0.0023825699544891,0,0.0178675020572079,0.591638633996307,0,0,1.27360932416662,0,0,0,0,0,0,0,17
"112","MHI","Oahu","Forereef",2006,1.30536916451588,0.179174693986149,0,0,0,0,0,0,0,0,0,0,0,0,0.00532579220026966,0,0,0,0,0,0,0,0.00804653280833731,0,0.0822175144327293,0.809621592852307,0,0,0.155063236451786,0,0.0659198017843016,0,0,0,0,0,3
"113","SAMOA","Ofu & Olosega","Forereef",2006,3.46735873738005,0.0921775319418847,0,0,0.139524114898249,0,0.182505138448109,0.420120067842352,0,0,0,0.0177513986223874,0,0,0,0,0.0227069314782692,0,0,0.449408453799002,0,0.647760978710281,0,0,0,0.143005380214813,0,0,0.944067493929112,0.059593860366177,0.0489133545911832,0.299824032538232,0,0,0,0,15
"114","PRIAs","Palmyra","Forereef",2006,16.5234932143844,0.0206340256349338,0,0,0.985358862625164,0,0.676435317375916,5.13877017196293,0.0497144307005991,0,0,0,0,0,0,0,0,0,0,0.373969208282956,0.153247965904314,5.27585576660162,0,0,0,2.97838352771815,0,0,0.694030043954582,0,0.158945006645429,0.0181488869778312,0,0,0,0,13
"115","NWHI","Pearl & Hermes","Forereef",2006,14.2351804884088,0.471252357601783,1.8045912678607,0.00617153166574351,0,0,7.31556516082249,2.25760095500475,0,0,0,0,0,0,0.00142192716492432,0,0,0,0,0,0,0.82511041279984,0,0,0.0188032978843293,1.27494374786912,0,0.245533754773028,0.0141860749620874,0,0,0,0,0,0,0,13
"116","SAMOA","Rose","Forereef",2006,8.91653130713751,0.188916948401383,0,0,0,0,2.3679845841428,0.76305651454761,0,0,0,0,0,0,0.00441415884729632,0,0,0,0,0,0,1.32932560021548,0,0,0,0,0,0,0.495489174652801,0.0860704779837953,0,3.68127384834634,0,0,0,0,11
"117","SAMOA","Swains","Forereef",2006,12.654112459118,0.717360719438722,0,0,0.0714721306482418,0,7.0591563234309,0.683641826859748,0.0156861994421017,0,0,0,0,0,0.00991201066459885,0,0,0,0,0.90422219165258,0,0.953828954680794,0,0,0,0.117119128608354,0,0,0.187313860795954,0,0,1.934399112896,0,0,0,0,9
"118","SAMOA","Tau","Forereef",2006,4.06173953734559,0.122282242040637,0,0,0.141380134105602,0,0.324983771585731,0.373373282121575,0,0,0.0660226592414397,0.0689890471398267,0,0,0.00228866897097327,0,0.197478941741645,0,0,0.383190647785667,0,0.507463713599651,0,0,0,0.123817894963017,0,0,1.07886197937913,0.0359184299211254,0,0.567898581493574,0,0,0.067789543256001,0,15
"119","SAMOA","Tutuila","Forereef",2006,2.38417015077038,0.0905904650582199,0,0.0017985692574797,0.0408348582675292,0,0.625136628980844,0.283194831957315,0,0,0.0251037523027717,0.00722511018969812,0,0.0722762000299607,0.00181204191866608,0,0.0219362039683685,0,0,0.293307523867909,0.00393633609537457,0.106642356243102,0.00251518388383573,0,0,0.028767956852889,0,0,0.292900229511287,0.00765630950160874,0.0781457667378264,0.377856532742737,0,0,0.022533293402961,0,40
"120","MARIAN","Agrihan","Forereef",2007,11.9992414228415,0.247743837879817,0,0,0,0,7.48006433283174,2.10679784210496,0,0,0.0170760934324528,0,0,0,0.00331589530992099,0.896009799893932,0,0,0,0,0,1.07353332328926,0,0,0.0189858116938222,0,0,0,0.0324140365593576,0.123300449846183,0,0,0,0,0,0,6
"121","MARIAN","Aguijan","Forereef",2007,1.50076464094702,0,0,0,0,0,0.0732959272030066,0.719369635808456,0,0,0.0777393720905693,0.0710868987359605,0,0,0,0,0,0,0,0,0,0.228249943011788,0,0,0,0.283044103404497,0,0,0,0.0479787606927424,0,0,0,0,0,0,3
"122","MARIAN","Alamagan","Forereef",2007,6.71068895074339,1.1825306955408,0,0,0,0,0.580739754958493,1.55350161259999,0,0,0,0,0,0,0.0239035951452462,1.01623670087947,0.143020919165273,0,0,0,0.0273438711087614,1.89369174090806,0,0,0.0571232663699729,0,0,0,0.0345213124027202,0.039903988013883,0.0236809954374012,0.134490498213318,0,0,0,0,6
"123","MARIAN","Asuncion","Forereef",2007,7.63960522129035,1.51276673530454,0,0,0,0.0535455310199858,0.228209541749591,1.26078880400002,0,0,0.0327782859603629,0,0,0,0.00376850609586425,0.787090802630193,0,0,0,0,0,3.15358830102052,0,0,0,0,0,0.053104122080302,0.229640931691786,0.254715736248009,0,0,0,0,0.0696079234891705,0,5
"124","MARIAN","Farallon de Pajaros","Forereef",2007,20.1090215653499,2.34759046690405,0,0,0,0,4.48497829534006,2.44238877152926,0,0,0,0,0,0,0,5.79439470784793,0,0,0,0,0,3.88199415542279,0,0,0.0135763192547843,0,0,0,0,1.08291101196592,0.0292851783730634,0.0319026587120775,0,0,0,0,4
"125","MARIAN","Guam","Forereef",2007,0.68858551788074,0.0257919560087302,0,0.0011820882436791,0,0,0.0250419353898671,0.068617955354081,0,0,0,0.0469424362969494,0,0,0.00203365305058121,0,0,0,0,0.0718044792051019,0.0312289753812761,0.101382912230765,0.00131496767884814,0,0.0332433092511027,0.186353238244745,0,0,0.0541105226578402,0.0107050870796276,0.0154441223793364,0,0,0,0.0133878794282088,0,19
"126","MARIAN","Guguan","Forereef",2007,3.26382933806358,0.122444555312661,0,0,0,0,0.336010320466418,1.27726797376382,0,0,0,0,0,0,0,0,0,0,0,0.140276193323303,0,0.909622018526632,0,0,0,0,0,0,0.447442498905963,0,0.0307657777647789,0,0,0,0,0,5
"127","MARIAN","Maug","Forereef",2007,6.62030806257959,1.08157920863609,0,0,0.0357563444444121,0,0.201001052397483,1.43984551852695,0,0,0.0380627876114647,0.0945789434811816,0,0,0,0.253138486500476,0,0,0,0,0,3.03428262426308,0,0,0.0207473251717174,0.0439128871402058,0,0,0.197427911921637,0.161840340710128,0,0.0181346317747674,0,0,0,0,8
"128","MARIAN","Pagan","Forereef",2007,3.90487774818797,0.0822173579027896,0,0,0,0,0.473267413981937,0.234127511093153,0.0935889791378709,0,0.140815470728445,0,0,0,0,0.641514498797945,0.0588107796495839,0,0,0,0,1.03789488866604,0,0,0.00974267570980753,0,0,0,0.291690995913547,0.00818520184984514,0,0.753299518214528,0,0,0.0797224565424785,0,16
"129","MARIAN","Rota","Forereef",2007,1.41614339231659,0.279679692225606,0,0,0.0279581559954185,0,0.0235704371171232,0.109323169150284,0,0,0.0680453398015581,0,0,0,0,0,0,0,0,0.152181535218473,0,0.0763070680478601,0,0,0.196115212414457,0,0,0,0.217194968686735,0.175949191433627,0.0898186222254493,0,0,0,0,0,10
"130","MARIAN","Saipan","Forereef",2007,2.78129190610057,0.073042520338007,0,0.00146210290424871,0.0177464432980719,0,1.19602318638753,0.0408670734770398,0,0,0.190564977012224,0.0282270718281037,0,0,0.00371980293948405,0,0.0167534223776498,0,0.0290620236936319,0.219842724365229,0,0.0612694663033155,0,0,0.0521607842160582,0.327205008583085,0,0,0.311699063510869,0.00647888880106974,0.00768978459417057,0.177875629117219,0,0,0.0196019323535698,0,16
"131","MARIAN","Sarigan","Forereef",2007,6.46095608250755,0.32422940185127,0,0,0,0,2.8270423680256,0.580888628213667,0,0,0.157632788412919,0,0,0,0,1.30658882406807,0.0340195729162987,0,0,0.417449182322204,0,0.53296151040603,0.00510318832448307,0,0,0.169260161949017,0,0,0.105780456017993,0,0,0,0,0,0,0,6
"132","MARIAN","Tinian","Forereef",2007,3.21891948651237,0.100396156430306,0,0,0,0,0.677739725419984,0.400865233390169,0,0,0.0791164672079642,0,0,0,0.000943514864068888,0.270483954954746,0,0,0,0,0,0.0962490912022717,0.00256130869595746,0,0.0511961339778374,0.0436743217695546,0,0,0.0617586097406276,0.0135719268930129,0,1.26305447990244,0,0,0.157308562063434,0,7
"133","PRIAs","Wake","Forereef",2007,12.2610920300467,0.0652943015951125,0,0,0.0199947340256283,0,1.23387899982232,0.947186380674891,0.0459926509723679,0,0,0.0301370713508786,0,0,0.016929025893532,0,0,0,0,4.24849554614601,0,0,0.00513750855378392,0,0.287498318104761,0.725490935648926,0,0.0119560360722297,4.58909465437529,0,0.00997726039244957,0.0240286064185107,0,0,0,0,16
"134","PRIAs","Baker","Forereef",2008,29.5982600514477,0.669903754229193,0,0.00258528031772269,0.0584151985539249,0,0.953963652973449,2.28982800728723,0.0766502388016134,0,0.0200729544422243,0,0,0,0.000781646290374037,0,0,0,0,0.0233043566549869,0,2.23281236345175,0.00285044317388997,0,0,19.0744475342694,0,0,0.193890491899493,0.456232658647625,0.153707388213629,0.0609921271306559,3.32782195511056,0,0,0,6
"135","NWHI","French Frigate","Forereef",2008,5.43647175273932,0.199314975671856,0,0.000622688524412238,0,0,1.66342974816699,1.85475905412694,0,0,0,0,0,0,0.0120300860951075,0,0,0,0,0.0167803177232298,0.145264515681347,1.27918681063141,0,0,0.0627480879854247,0.110427751616041,0,0,0.0919077165165567,0,0,0,0,0,0,0,15
"136","MHI","Hawaii","Forereef",2008,1.23029102343498,0.014872192100997,0,0.00716843438071894,0,0,0.0445203744799509,0,0.109388786447925,0,0.0411121300522707,0.00736989917084295,0,0,0.00395573542649257,0,0,0,0,0.00978290792244442,0.00508158399126543,0.0424202798337077,0,0,0.0289653660470034,0.0331535060352768,0,0.00705342676178141,0.680386533645265,0,0.00266236744561448,0.0132371134090496,0.179160386284376,0,0,0,41
"137","PRIAs","Howland","Forereef",2008,61.9847025297554,0.778563726794944,0,0,0.0325571193513881,0,2.57411667198689,7.9897562114942,0,0,0.0270600873221001,0,0,0,0.000931923403287998,0,0,0,0,0,0.0226808815184031,1.93548990402857,0.00334341645440403,0,0.00392790037131467,45.0155948121257,0,0,0.129503928882781,0.20277804675668,0.162723943544699,2.9458613176912,0.159812638028834,0,0,0,7
"138","PRIAs","Jarvis","Forereef",2008,36.3483899855331,2.81693501402166,0,0,0,0.00570690255638414,1.87878194016367,10.9358452389281,3.83313561802872,0,0.0136572896864679,0,0,0,0,0,0,0,0,0.096920077701997,0,1.44809014902837,0,0,0,1.17277587284522,0,0,0.544645821302765,0.110234204724419,0.152242991758537,6.46855530920784,6.87086355557889,0,0,0,7
"139","PRIAs","Johnston","Forereef",2008,5.02530795400072,0.0132400591851347,0,0.020973737759824,0,0,0.288948482496461,4.39431436254498,0,0,0,0,0,0,0.00848845088554779,0,0,0,0,0,0,0.0827409371230671,0,0,0.00111973904683389,0.204374484310766,0,0,0.0111077006481117,0,0,0,0,0,0,0,8
"140","MHI","Kauai","Forereef",2008,0.864031521740363,0.0616981842548864,0,0.00177937537730474,0,0,0.027240095076023,0.0961081459590582,0.105919934918276,0,0,0,0,0,0.000185625739841642,0,0,0,0,0,0,0.118992690782375,0,0,0.0273604129328019,0.0368788949158244,0,0,0.331770438789725,0,0,0.0560977229942464,0,0,0,0,18
"141","PRIAs","Kingman","Forereef",2008,21.9304558342476,0.191053579605761,0,0.00115676762707134,0,0,1.32234655674888,6.82272688405354,0.559444943609153,0,0,0,0,0,0.000470217734077809,0,0,0,0,0,0.0380211445985039,1.88061633909857,0.000812364235691623,0,0,8.80920995436853,0,0,0.68542070539174,0,0.486277868008416,0.203226619184342,0.929671889983288,0,0,0,12
"142","NWHI","Kure","Forereef",2008,4.08189145111614,0.120545184880857,0,0,0,0,1.77828357503897,0,0,0,0,0,0,0,0,0,0,0,0,0,0,0.259112686704254,0,0.00758061374039512,0.0552904463221355,0.734516360420048,0.00124778043286823,0.284234572210088,0.80559753101224,0,0.0354827003542886,0,0,0,0,0,8
"143","MHI","Lanai","Forereef",2008,0.426613465224208,0.191660014108804,0,0.00993330956730438,0,0,0.0358707815846493,0,0.0235322098031482,0,0,0.00844436605646526,0,0,0.000239971391929273,0,0,0,0,0,0,0.0369349768784501,0,0,0,0.0351093629663391,0,0,0.0778505438205657,0,0.00703792904655254,0,0,0,0,0,12
"144","NWHI","Laysan","Forereef",2008,2.37238334353068,0.212893550137677,0,0,0,0,0.680072902137218,0,0,0,0,0,0,0,0,0,0,0,0,0,0.100326922520067,0.0908027398115079,0,0,0.109709194467185,0.435191287391324,0,0.321057340452043,0.422329406613654,0,0,0,0,0,0,0,4
"145","NWHI","Lisianski","Forereef",2008,1.08993093733234,0,0,0.00119187767693114,0,0,0.877154936104427,0,0,0,0,0,0,0,0,0,0,0,0,0,0,0.199386501983203,0,0,0,0.0121976215677752,0,0,0,0,0,0,0,0,0,0,8
"146","NWHI","Maro","Forereef",2008,3.95997635776945,0.0799074876710141,0,0.00314940378867922,0,0,0.271960870929415,0.260420459455023,0,0,0,0,0,0,0.000367386603270942,0,0,0,0,0.00897023901031482,0.0541011018368116,0.0915686748179532,0,0,0,3.03268960437296,0,0.118883551479672,0.037957577804339,0,0,0,0,0,0,0,10
"147","MHI","Maui","Forereef",2008,0.751707406036497,0.0370477189749362,0,0.00314748574090154,0,0,0.00638409472315231,0,0,0,0,0.0054443640615672,0,0,0.010890376441482,0,0,0,0,0,0,0.0496904948656733,0,0,0.00777034443816061,0.111747114201514,0,0.00483725470689437,0.499532053768035,0,0.00774431176473716,0.00747179234944305,0,0,0,0,26
"148","NWHI","Midway","Forereef",2008,4.74326238910471,0.652861996205546,0,0.00378203470777686,0,0,0.395148606125657,0.335192446747309,0,0,0,0,0,0,0,0,0,0,0.0921509877294884,0.0201300600508996,0,0.94281884309547,0.00257214501416074,0.0331905951053252,0.00121495948214704,0.0676618513337306,0.00172781411982875,0.329525808242005,1.76032201805842,0,0.104962223086952,0,0,0,0,0,10
"149","MHI","Molokai","Forereef",2008,1.5319110408469,0.0493754949749235,0,0,0,0,0.121588031303399,0,0,0,0,0,0,0,0.000597741938712066,0,0,0,0,0,0,0.0476869876281439,0,0,0.0471802997199337,0.0257606790072318,0,0,0.925376698689107,0,0,0,0.314345107585446,0,0,0,12
"150","MHI","Niihau","Forereef",2008,5.15305955219062,0.128938974436976,0,0.00264353145070039,0,0,0.257775376593253,0.287608707200659,0,0,0,0,0,0,0.0119967940979852,0,0,0,0,0,0.00755359502427202,0.17634852639951,0.000904031781468383,0.00498304959575687,0.00377238616001056,3.50928349980859,0,0,0.761251079641437,0,0,0,0,0,0,0,14
"151","MHI","Oahu","Forereef",2008,0.924188789999347,0.00430414830114943,0,0.000362979053790653,0,0,0.0496516216387826,0.068747703764125,0.237002028868958,0,0.0971290779478338,0,0,0,0.00158954123041009,0,0,0,0,0.00346305083764724,0,0.0157130455319479,0,0,0.0263445920682673,0.352812665707048,0,0,0.0670683350493874,0,0,0,0,0,0,0,20
"152","SAMOA","Ofu & Olosega","Forereef",2008,1.46514009342324,0.111816335818405,0,0,0.0528603661040841,0,0.0424003067963373,0.080085043896972,0,0,0,0,0,0,0.00177138996007149,0,0.00497123823632415,0,0.0125090230041811,0.0540099342850596,0.00631635919710837,0.387580216590229,0,0,0,0.0216434736971123,0,0,0.533622490830078,0.0280167354449934,0.0209190807790303,0.0796670047728242,0,0,0.0269510940104272,0,13
"153","PRIAs","Palmyra","Forereef",2008,18.5109982081909,0.105755917858294,0,0,0.0367774299478192,0.00163122206530763,0.125676602057353,4.70039497086821,5.95155998261745,0,0,0,0,0,0,0,0,0,0,1.46919599873648,0.218688895151109,1.2655545771755,0.00070942930638328,0,0,3.036313495671,0,0,0.151683376153952,0,0.0337339013735506,0.0487359021819265,1.36458650702657,0,0,0,20
"154","NWHI","Pearl & Hermes","Forereef",2008,9.45466763370716,0.78949381073587,0,0.0013736365936773,0,0,2.82103756635649,1.16895326689871,0,0,0,0,0,0,0.000416582122015308,0,0,0,0,0.00993285069536631,0.0812123170764404,1.28436213748231,0,0,0.00595035011792822,3.07310106893413,0,0.158612828383699,0.0602212183105129,0,0,0,0,0,0,0,18
"155","SAMOA","Rose","Forereef",2008,4.60493119645879,0.0272255365018336,0,0,0,0,0.24626138530465,0.163532943793872,0.0173325209089042,0,0,0,0,0,0.00173595826328863,0,0,0,0,0.301801029154302,0,0.66840098830697,0,0,0,0,0,0,0.188845560708679,0.0530643497338637,0,2.93673092378243,0,0,0,0,11
"156","SAMOA","Swains","Forereef",2008,4.1794503850699,0.612149325686316,0,0,0,0,0.249503496377761,0.0641634626625344,0.131485047252011,0,0,0,0,0,0.00320200717313142,0.539788730708628,0,0,0,0.310743548870345,0.00921140653397871,0.439380729166697,0,0,0.0240242169872063,0,0,0,0.161894156895111,0,0,1.63390425675618,0,0,0,0,9
"157","SAMOA","Tau","Forereef",2008,3.24903846096574,0.16121105453966,0,0,0.0370796300861041,0,0.547012939520485,0.273966358409891,0,0,0,0.0551694979540042,0,0,0,0,0.0861350889495419,0,0,0.287729758772313,0,0.467524082472325,0,0,0,0.0979508852852074,0,0,0.730371351040585,0.0653468242749052,0.034601130470764,0.0818848877788963,0,0.323054971411061,0,0,15
"158","SAMOA","Tutuila","Forereef",2008,1.24707795592871,0.0687910917523893,0,0.000444309901071366,0.015330621704014,0,0.167155656552511,0.0502666073373764,0,0,0.0986027199505992,0.00618553527087448,0,0.00960497259790309,0.00014034141323316,0,0.0184698668957201,0,0.00477974991340063,0.14575034146826,0.00173481685506657,0.107546723208703,0,0,0,0.0360931692521879,0,0,0.393636875045698,0.026486788405751,0.0572011128497474,0.0273950034490315,0,0,0.0114616521051678,0,44
"159","MARIAN","Agrihan","Forereef",2009,3.35101395656327,0.18912107970489,0,0,0.0374615475261638,0,0.387078977239275,1.13774853146503,0,0,0.367670473293312,0.0278339623601214,0,0,0.00231915288241647,0.0947268358087345,0.0106220434938644,0,0,0,0,0.613044951147738,0,0,0,0,0,0,0.142030752872756,0.0746311564277239,0,0.140144058624207,0,0,0.12658043371704,0,11
"160","MARIAN","Aguijan","Forereef",2009,0.597024173584505,0,0,0,0,0,0,0.0940105825279212,0,0,0,0.0809754019305787,0,0,0,0,0,0,0,0,0,0.0294428785431851,0,0,0,0.315580415179513,0,0,0,0.0770148954033072,0,0,0,0,0,0,5
"161","MARIAN","Alamagan","Forereef",2009,2.85452837262619,0.279501452635645,0,0,0.0241994661216351,0,0.48568029853351,1.07412412433111,0,0,0.136806242505902,0,0,0,0.00128764984252668,0.201683252226824,0.0178115945090438,0,0,0,0,0.331771285036602,0.00221983300421754,0,0,0,0,0,0.133130264351078,0.0970646273727743,0,0,0,0,0.0692482821553196,0,6
"162","MARIAN","Farallon de Pajaros","Forereef",2009,12.7743041940266,0.287798577086399,0,0,0,0,4.2225947677534,1.91889760991732,0,0,0.218269653655845,0,0,0,0,3.91250681394229,0,0,0,0,0,1.26379191341224,0,0,0,0,0,0,0,0.950444858259096,0,0,0,0,0,0,3
"163","MARIAN","Guam","Forereef",2009,0.780453959471075,0.0991994689283844,0,0,0,0,0,0.0349012007048539,0,0,0.0650614899649999,0.0194094819850911,0,0,0,0,0.0906634983524091,0,0.0458458117633639,0.0690895545060035,0,0.021412541764852,0,0,0.0597078686723396,0,0,0,0.0103245420822478,0.00772729682278949,0.0369944373653688,0.220116766558372,0,0,0,0,17
"164","MARIAN","Guguan","Forereef",2009,3.26257764767507,0.707350059488266,0,0,0.0366690170420728,0,0.66576228526759,0.246857907322649,0,0,0.141826990249068,0,0,0,0.019672699376,0,0,0,0,0,0,0.781914625804993,0,0,0,0,0,0,0.129580784221432,0.532943278902997,0,0,0,0,0,0,4
"165","MARIAN","Maug","Forereef",2009,2.02570094328512,0.180530625243675,0,0,0.0222822299433436,0,0.383157317503072,0.570308715909828,0,0,0,0,0,0,0,0,0,0,0,0,0,0.759293890637401,0,0,0,0,0,0,0.0472056702952146,0.0629224937525883,0,0,0,0,0,0,8
"166","MARIAN","Pagan","Forereef",2009,2.78030001354853,0.191414185937077,0,0,0,0,0.131273617543401,0.363514605026201,0,0,0.541822215326739,0.023210937126062,0,0,0,0.191588354220681,0.0575884875505834,0,0,0,0,0.64193050407064,0,0,0,0,0,0.0069338804915589,0.0750586176079862,0.0838601667818434,0.00382805744735785,0.409585101620006,0,0,0.0586912827983871,0,15
"167","MARIAN","Rota","Forereef",2009,1.4191396642118,0.0404048971814992,0,0,0,0,0.0354599236404446,0.0997249645592931,0,0,0.0220333840080501,0.0218536721764038,0,0,0,0,0,0,0,0.765768370702364,0,0.101269729162154,0,0,0,0.188401417493046,0,0,0.0335435123295617,0,0.0159108687175076,0,0,0,0.0947689242414708,0,11
"168","MARIAN","Saipan","Forereef",2009,1.56946264712077,0.00571796310329098,0,0.00170204978612929,0.0222040540373357,0,0.064131317879218,0.0972468452816514,0,0,0.368488910069212,0.018882104823401,0,0,0.0032934250103588,0,0.00651777353177107,0,0.02801270404886,0.248488465269068,0,0.0704536486840347,0.00114358409017048,0,0.0209383607951148,0.479329333847225,0,0,0.0469178665344867,0.0307996218261471,0,0,0,0,0.0551946185032975,0,20
"169","MARIAN","Sarigan","Forereef",2009,6.2699420093916,0.509936645921173,0,0,0,0,0.124261904562149,2.34149264834256,0,0,0,0.0289786393980401,0,0,0,1.42201226255767,0,0,0,0.888126609812276,0,0.826250341569711,0,0,0,0,0,0,0.0877317327939114,0.0411512244341091,0,0,0,0,0,0,5
"170","MARIAN","Tinian","Forereef",2009,0.621496117591615,0.0119341117677245,0,0.00413903289310857,0,0,0.0826818136331332,0.0812625407059601,0,0,0,0.0453665657769684,0,0,0,0,0,0,0,0,0,0.157699284669614,0,0,0,0.175448261868894,0,0,0.0109990534602045,0.0100137001627061,0,0,0,0,0.0419517526533018,0,10
"171","PRIAs","Wake","Forereef",2009,10.1608605609139,0,0,0,0,0,1.4323079146262,1.30131279501808,0,0,0,0.0593622874538375,0,0,0.00512348666533784,0,0,0,0,1.10342176715385,0,0.00874689588152495,0,0,0.0755514913332515,0.158198368824933,0,0,5.90919905846558,0,0.107636495491313,0,0,0,0,0,7
"172","PRIAs","Baker","Forereef",2010,14.600427334936,2.33967581928231,0,0,0,0,0.434820374615083,2.99349949847321,0,0,0.161835418068064,0,0,0,0.0173958617208978,0,0,0,0,0.0768491460456443,0.118772892098875,2.03463060676872,0,0,0,4.2018573466159,0,0,0.116578829522325,0,0.0888850332236841,2.01562650850126,0,0,0,0,8
"173","NWHI","French Frigate","Forereef",2010,13.4650095423427,0.0332788092387327,0,0,0,0,7.18320347828639,3.46135515253381,0,0,0,0,0,0,0.0577870441602946,0,0,0,0,0,0.0536595866886958,2.05465001502715,0,0,0,0.0650280816525572,0,0,0.316018162900487,0,0,0,0.240029211854579,0,0,0,14
"174","MHI","Hawaii","Forereef",2010,0.820143277995698,0,0,0.00835820249081413,0,0,0.048074927983955,0,0.0608226609692464,0.0365723409819113,0,0,0,0,0.00166041433513697,0,0,0,0,0,0.00338346098054616,0.00201276685864952,0,0,0.0196938606026068,0.151888001398466,0,0,0.440593515966393,0,0.0470831254279733,0,0,0,0,0,37
"175","PRIAs","Howland","Forereef",2010,10.9515221051172,2.87669913219778,0,0,0,0,1.45761206433525,2.5313384999481,0.352145563666588,0,0.0603782484018897,0,0,0,0.0032377855526609,0,0,0,0,0.174566248327353,0.00845360621860671,2.60141965327751,0.00254931613523751,0,0,0.0764221645274501,0,0,0.333212165828567,0,0.146149855999802,0.327337800700377,0,0,0,0,10
"176","PRIAs","Jarvis","Forereef",2010,138.414537614511,0.292055542925336,0,0,0.228446890722909,0,33.1145688457093,43.8459591476213,7.02337441118699,0,0,0,0,0,0.00272775191357885,0,0,0,0,0.513291400577285,0.0520910319304757,5.46860839566141,0.00165819801085376,0,0,45.1709670808144,0,0,1.87034191064745,0,0.0999913835674519,0.730455623222275,0,0,0,0,8
"177","PRIAs","Johnston","Forereef",2010,4.15622264525097,0.115371858328094,0,0.0342213400065269,0,0,0.867173533482069,2.40062133003789,0,0,0,0,0,0,0.154409396273338,0,0,0,0,0,0,0.337805140761938,0,0,0.00186903178711578,0.234958535381912,0,0,0.00979247919207696,0,0,0,0,0,0,0,10
"178","MHI","Kauai","Forereef",2010,0.731521212141262,0.0394097795186469,0,0.000847401867009911,0,0,0.216368513307305,0.0573241907054113,0,0,0,0,0,0,0,0,0,0,0,0,0.00406453285442797,0.0934040213944225,0,0,0.0179744660711295,0.00682786249700328,0,0,0.284019359561186,0,0.0112810843647204,0,0,0,0,0,21
"179","PRIAs","Kingman","Forereef",2010,24.5401653761806,0.198110441836851,0,0,0,0,0.857129479794726,18.0785768235753,0,0,0,0,0,0,0.00220038007817874,0,0,0,0,0,0.0175024713198953,2.6511802735385,0,0,0.00152275895219423,0.701722951664989,0,0,1.35716920816595,0,0.0403490301982612,0.634701557055686,0,0,0,0,13
"180","NWHI","Kure","Forereef",2010,8.47299625146565,1.81317081613618,0,0.00130945539877621,0,0,1.13364368382454,0.535296202647728,0,0,0,0,0,0,0,0,0,0,0.0152946572244823,0.0869965108337477,0.0288370241824437,0.350428209067721,0,0,0,0.117246123468928,0,1.16260320690342,3.18075436703394,0,0.0474159947437397,0,0,0,0,0,8
"181","MHI","Lanai","Forereef",2010,0.685107364043968,0,0,0.00188175914569082,0,0,0,0,0,0,0.614459646478836,0,0,0,0.00678757960236408,0,0,0,0,0,0,0.0258321712123853,0,0,0.0178766541806263,0,0,0,0.00945615805839038,0,0.00881339536567512,0,0,0,0,0,10
"182","NWHI","Lisianski","Forereef",2010,2.64517590491918,0.0142773868219125,0,0,0,0,1.75943237490385,0.115766850241021,0,0,0,0,0,0,0,0,0,0,0,0,0.0755806125216967,0.602047506622087,0,0,0,0,0,0,0.0780711738086077,0,0,0,0,0,0,0,7
"183","MHI","Maui","Forereef",2010,1.17915044407522,0.00527632559234736,0,0.00929126267845269,0,0,0.0274558737573275,0,0.0724009189065336,0,0,0,0,0,0.015916013218191,0,0,0,0,0.0147093844597413,0,0.0199821662086486,0,0,0.00277224919943794,0.529655768525343,0,0,0.328802875618086,0,0.019838312688252,0,0.133049293222856,0,0,0,20
"184","MHI","Molokai","Forereef",2010,0.0915518169235436,0,0,0.0122730421971139,0,0,0,0,0,0,0,0,0,0,0.00596607971479407,0,0,0,0,0,0,0.0207314303341178,0,0,0.0525812646775179,0,0,0,0,0,0,0,0,0,0,0,11
"185","MHI","Niihau","Forereef",2010,5.86926199437601,0.114049489559131,0,0.00612539643061239,0,0,0.0464633827135397,0.0509987137758507,0,0,0,0,0,0,0.0310519102207496,0,0,0,0,0,0,0.290498163222282,0,0,0.0496341359495035,4.54652157175097,0,0,0.733919230753371,0,0,0,0,0,0,0,7
"186","MHI","Oahu","Forereef",2010,0.147952609759403,0,0,0.00416159707739189,0,0,0,0,0,0,0,0,0,0,0.018523059552055,0,0,0,0,0,0,0,0,0,0.0230933344163852,0.0840815865096088,0,0,0.0180930322039625,0,0,0,0,0,0,0,14
"187","SAMOA","Ofu & Olosega","Forereef",2010,2.12910096853264,0.0736742024876631,0,0,0.0287023196660182,0,0.356432847304506,0.197831945057627,0,0,0.02262195812109,0,0,0,0,0.194265385219841,0.0231225390985502,0,0,0.0106823330152209,0.0410049174991049,0.358751930454864,0,0,0,0.0334094615528317,0,0,0.674392353102899,0.0069067225086207,0,0.0260189531023695,0,0,0.081283100341437,0,14
"188","PRIAs","Palmyra","Forereef",2010,23.6961587962607,0.117462136919635,0,0,0.171605278157873,0,0.791571308760715,4.15411654986828,11.1749621350234,0,0,0,0,0,0,0,0,0,0,0.775409914279459,0.0485548252179816,3.54396375956181,0,0,0.0234579922527375,1.6393381914618,0,0,0.541538950631961,0,0.0397787975762485,0.288084601883118,0.386314354665605,0,0,0,23
"189","NWHI","Pearl & Hermes","Forereef",2010,10.2304090937803,0.39571689623149,0,0.00148951677268535,0,0,5.50788365479804,1.60451527378587,0,0,0,0,0,0,0.012642104051465,0,0,0,0,0,0.0530678883921159,1.26915000979291,0.00109038252392883,0,0.0150220194347053,0.645294751571683,0,0.128853686018258,0.558165443218618,0.0375174671885411,0,0,0,0,0,0,21
"190","SAMOA","Rose","Forereef",2010,1.64583445497251,0.193287494254376,0,0,0.0150134721525379,0,0.233755270158476,0.0461891284496381,0,0,0,0,0,0,0.00065210271983292,0,0,0,0,0.303168782854117,0.0193903543942348,0.693107296909143,0.00113906940069554,0,0,0.041948790359168,0,0,0.0204441279250599,0.0605819504994574,0,0.0171566148957755,0,0,0,0,11
"191","SAMOA","Swains","Forereef",2010,11.5579543602855,0.278696800453639,0,0,0,0,1.6968234654583,0.469378050122241,0.274564380217141,0,0,0,0,0,0,0,0,0,0,1.34929182835976,0.0429850981891406,1.45937816192772,0.00451623124413408,0,0,0,0,0,0.523298210939888,0,0,5.45902213337358,0,0,0,0,8
"192","SAMOA","Tau","Forereef",2010,3.37380888040908,0.0801592188835589,0,0,0.0538199386644195,0,0.679678715446616,0.182556828511649,0,0,0.0389396817504452,0.021026793579535,0,0,0.000999318695635308,0,0.186858681624905,0,0,0.129274558462018,0.01453095773825,0.403677052123454,0,0,0,0.221109625927484,0,0,0.894750090175999,0.0496060967202458,0.303092974594939,0.104390358841054,0,0,0.00933798866887188,0,16
"193","SAMOA","Tutuila","Forereef",2010,1.15244503675582,0.0584123697002132,0,0,0,0,0.020800504134387,0.137216281000844,0,0,0,0,0,0,0.000966595297305657,0,0.0118809492326261,0,0,0.253003187723788,0.00332837505024712,0.0985594773157332,0,0,0,0.15272416047945,0,0,0.3355044588516,0,0.0680301686612002,0,0,0,0.0120185093084282,0,39
"194","MARIAN","Agrihan","Forereef",2011,2.92612412741038,0.536005665775163,0,0,0.0373130758994489,0,0.354743505263994,0.635579777226012,0,0,0.0158113912755711,0,0,0,0.0146376314998397,0.153621219494143,0,0,0,0,0,0.639149185231398,0,0,0,0,0,0,0.161755785105617,0.332610845355626,0.0224844243285046,0.0224116209550587,0,0,0,0,10
"195","MARIAN","Aguijan","Forereef",2011,0.940291193144454,0.0255514170547021,0,0,0,0,0.243935111457125,0.140561325429939,0,0,0.0629661195255155,0.0350492294817734,0,0,0,0,0,0,0,0,0,0.312668853999596,0,0,0,0,0,0,0.0492823454022132,0,0.0702767907935895,0,0,0,0,0,4
"196","MARIAN","Alamagan","Forereef",2011,4.0477109345231,0.1341950461854,0,0,0,0,1.21897652206685,0.656894977567595,0,0,0.0690478384306572,0,0,0,0,0.575165987704964,0,0,0,0.318926452609076,0,0.304390097724494,0,0,0,0,0,0,0.488915727447875,0.152765024004061,0.0890205183358689,0,0,0,0.0394127424462528,0,3
"197","MARIAN","Asuncion","Forereef",2011,4.72125114461029,0.295057457835412,0,0,0,0,0.220965574132897,1.60946152074895,0,0,0.395116843469925,0,0,0,0,0,0,0,0,0,0,1.25235760461785,0.00455477962187473,0,0,0,0,0,0.174106428755335,0.248267840985785,0.0319394152438336,0.489423679198429,0,0,0,0,6
"198","MARIAN","Farallon de Pajaros","Forereef",2011,5.33351728686363,0.0710786509223757,0,0,0.0383394740017211,0,2.29737718574096,0.950010622954924,0,0,0.186426328624261,0,0,0,0,0.480776125361674,0,0,0,0,0,0.682650079374258,0,0,0.00628173945235971,0,0,0,0.0282943196155199,0.577060794780096,0.0152219660354805,0,0,0,0,0,4
"199","MARIAN","Guam","Forereef",2011,1.36726961932474,0.0470031781901064,0,0.0010503394483065,0.055074724962974,0,0.0201198324601492,0.0673356844439809,0,0,0,0.0254714196727055,0,0,0.000775272838087891,0.238222318780649,0.0145635452411141,0,0,0.119851514812419,0,0.0554268663765479,0,0,0,0.0304905537079803,0,0,0.0961841838718279,0.0874448233783779,0.0614115566550347,0.42962835429041,0,0,0.0172154501940693,0,23
"200","MARIAN","Guguan","Forereef",2011,3.25197524888102,0,0,0,0,0,0.269872788267229,1.02712024157313,0,0,0,0,0,0,0.00832514021435657,0.852341449925295,0,0,0,0.102013176789134,0,0.685257585092921,0,0,0,0,0,0,0.274758147646025,0,0.032286719372929,0,0,0,0,0,5
"201","MARIAN","Maug","Forereef",2011,2.13011012542849,0.196797056853811,0,0,0.0166792802793506,0,0.554897832578356,0.139574302325681,0,0,0.00808177713727807,0.0541368676777241,0,0,0,0,0,0,0,0,0,0.561715870246995,0.00278247614581132,0,0,0,0,0,0.238178846269685,0.325505596682008,0,0.0317602192317896,0,0,0,0,9
"202","MARIAN","Pagan","Forereef",2011,2.41034019682461,0.300038950817564,0,0,0,0,0.159245220146845,0.456116132360424,0,0,0.0715969480107124,0.0138164944746387,0,0,0,0.186828541489091,0.0769322408125083,0,0,0,0,0.599324030011667,0.000890975149437912,0,0,0,0,0,0.375704688520378,0.150290545292577,0.0195554297387708,0,0,0,0,0,14
"203","MARIAN","Rota","Forereef",2011,3.3246337176404,0.133537140619236,0,0,0.0556786872908256,0,0.503389215416378,0.163862945734411,0,0,0,0.0208010862178217,0,0,0.000871332414112703,0,0.0257628920706509,0,0,0.628276734531721,0.0077723781291911,0.263539441615787,0.0013607796418722,0.00807908770981751,0.0152993227209485,0,0,0,0.773384576874525,0.0731092320207742,0.218853039429941,0.37435560735597,0,0,0.0567002178464154,0,11
"204","MARIAN","Saipan","Forereef",2011,1.02816049552796,0.0131634595636525,0,0.00319820477725981,0.117266125115194,0,0.25085087854889,0.03251316552451,0,0,0.0592255036759839,0.0638220928968077,0,0,0.00155902920076303,0,0,0,0,0.00654736853065159,0,0.0676371486316157,0,0,0.0739875180585198,0.0630985179952536,0,0,0.153258992525556,0.0136180406455071,0.0451569503723334,0,0,0,0.0632574994654581,0,16
"205","MARIAN","Sarigan","Forereef",2011,3.78754947443449,0.384188203994684,0,0,0,0,0.293437135256116,0.629695422844907,0,0,0,0,0,0,0,0.735767881384583,0,0,0,0.373167622656398,0,0.140083955997361,0,0,0,0,0,0,0.0613685923641118,0,0.0221720857367511,1.14766857419958,0,0,0,0,4
"206","MARIAN","Tinian","Forereef",2011,0.866843730569357,0.0265564586438649,0,0,0.0180461837634418,0,0.0497653756455903,0.172774197895446,0,0,0.0933218742402454,0.0613798391262341,0,0,0.00150145104579331,0,0,0,0,0.078301915117805,0.0203903546706442,0.0547235029789945,0,0,0.00487871895123744,0.138115800180414,0,0,0.126306061208735,0,0.0207819971009111,0,0,0,0,0,9
"207","PRIAs","Wake","Forereef",2011,8.63868101941365,0.0354122119107888,0,0,0,0,0.560710921479707,2.0657665547426,0,0,0,0.0140592798978321,0,0,0.0221530300780134,0,0,0,0,2.05525421157762,0.00629374073353548,0.0309861777483573,0.00457343500773111,0,0.189254201332294,0.547600370088465,0,0,2.94568695296923,0,0.0370723600036287,0.123857571843849,0,0,0,0,14
"208","PRIAs","Baker","Forereef",2012,71.0190618645658,1.76676345256835,0,0.0122610300709981,0.0527695705591245,0,0.999493273876868,3.86891530791267,0,0,0.0443103234290281,0.0252475228115871,0.00210539826590987,0,0,0,0,0,0.052280537646617,0.16466380482568,0.0510606409500896,4.51509753509979,0.024781294266144,0,0,48.7056202167113,0,0,1.17619055763506,2.22614405078466,0.190558816100807,5.40303973045521,1.73775880059589,0,0,0,10
"209","PRIAs","Howland","Forereef",2012,27.436743786771,1.39898595063414,0,0.00232067736972902,0.0159750928334281,0,0.880395312050721,7.46145376805701,1.73042213123,0,0.0813480851300962,0,0,0,0,0,0,0,0,0.0109543842554043,0.0249244553396422,2.76499931447762,0.027205023022479,0.00763813837159966,0,8.26834157360512,0,0,1.42399758904802,2.21480937579612,0.313144720374231,0.095261595963018,0.7145665992126,0,0,0,10
"210","PRIAs","Jarvis","Forereef",2012,28.4421282945773,0.320292514699426,0,0,0.231727239558711,0,0.984236445302878,19.4564898512346,0,0,0,0.0178831459289427,0,0,0.0157136881410241,0,0,0,0,0.370092050947047,0.0244285015406641,1.35744470160319,0.00175147136728594,0,0,0,0,0,0.596145480789983,0,0.0781901521783312,4.5309046498363,0.456828401448907,0,0,0,7
"211","PRIAs","Johnston","Forereef",2012,1.80017078970926,0.219565841952775,0,0.0273574614290105,0,0,0.451532638777517,0.286848002287099,0,0,0,0.0229365410558385,0,0,0.0304673620921697,0,0,0,0,0.00678322206483661,0,0.0632872304914948,0.00192654006172133,0.0109122971249787,0.050652936814036,0.381151437028503,0,0,0.246749278529279,0,0,0,0,0,0,0,14
"212","PRIAs","Kingman","Forereef",2012,13.7624624443388,0.0858293205500742,0,0.00936232856182253,0,0.0318994648075815,0.465357908424398,7.30623856696152,1.52506425030061,0,0,0,0,0,0.00296143323779567,0,0,0,0,0.00804425858449325,0,2.17447111927892,0,0,0,0.523359495903046,0,0,0.611870580607263,0,0.0182227604790281,0.870941988463524,0.128838968178698,0,0,0,16
"213","SAMOA","Ofu & Olosega","Forereef",2012,2.8267181626644,0.033971819325378,0,0,0.10218426879818,0,0.0494292735175924,0.43972113707002,0,0,0,0,0,0,0.002875615073755,0.211464651883098,0.06912274022941,0,0,0.220320906745372,0.0225129661991415,0.446053089311107,0.00526870976330387,0.0306626497679569,0,0,0,0,0.813952556195393,0,0.200752380028267,0.178425398756423,0,0,0,0,10
"214","PRIAs","Palmyra","Forereef",2012,20.0498416509613,0.152427719443593,0,0.00488903543354946,0.490233024191389,0,3.88432790815493,2.40942254988953,2.52211409602271,0,0,0,0,0,0.0137419395831072,0,0,0,0,1.36140652097425,0.049643545261012,1.66967042827216,0.000680356955671743,0,0,6.73491958153657,0,0,0.381598611937692,0,0.136843099972275,0.0511331805927161,0.186790052740163,0,0,0,21
"215","SAMOA","Rose","Forereef",2012,4.81055854192387,1.07954370389762,0,0,0.166651958229579,0,0.248351998776943,0.479663865366751,0,0,0,0,0,0,0.0277922589083144,0,0,0,0,0.485138244880452,0.0137479115047968,0.778413720207222,0.00228587520852115,0.0118565102584968,0,0,0,0,0.316106967208163,0.0428994627777112,0.0116435658787595,1.14646249882054,0,0,0,0,7
"216","SAMOA","Swains","Forereef",2012,22.2678345345949,1.59176628413722,0,0,0,0,0.944280893912126,1.55770902753276,0,0,0,0,0,0,0.0242906614247468,0,0,0,0,0.111357738888852,0,1.95026055167302,0,0,0,0,0,0,0.808283316264597,0.546797900742754,0,14.7330881600188,0,0,0,0,6
"217","SAMOA","Tau","Forereef",2012,4.99178135117889,0.193901880095885,0,0,0.193739924906872,0,0.132789777465022,0.151407332239558,0,0,0,0.0289958679335497,0,0,0.0119079596442038,0,0.146748718524009,0.0199175987765097,0,0.841480562543626,0,0.331720490616803,0,0.00649982701332647,0.00434619508962033,0.0463848861113666,0,0,2.7940498475837,0,0.0231605351799704,0.0183330908592607,0,0,0.0463968565956153,0,11
"218","SAMOA","Tutuila","Forereef",2012,3.95893013984487,0.0925495346195588,0,0.00294947118962559,0.0396731998461607,0,0.144039204023034,0.0886113650998902,0.0040315550193939,0,0.238782937801097,0.0410612738448189,0,0.0379652670743317,0.00343923602167741,0,0.106646026148751,0,0.00565785028398513,1.02886599172005,0.0318041286542944,0.214788257048193,0.00134145579218831,0.0122586502689929,0,0.0632973706784406,0,0,1.48766860016236,0.00311842316268396,0.0956180406611622,0.0549463251378057,0,0.113865452095192,0.0459505234911766,0,33
"219","MARIAN","Aguijan","Forereef",2014,1.1749792798637,0,0,0,0.0821281866836615,0,0.158825538085791,0.464979191445931,0,0,0,0,0,0,0,0,0,0,0,0,0,0.0625984256101933,0,0,0,0.239055819128254,0,0,0.134050115796044,0,0.0333420031138295,0,0,0,0,0,3
"220","MARIAN","Alamagan","Forereef",2014,9.54221596283694,0.142095370303188,0,0,0.0513475490679913,0,3.78494294498518,1.0186779977585,0.205657760130893,0,0,0,0,0,0,1.37559999257888,0,0,0,0,0,0.469265191240524,0,0,0.0407961801423536,0,0,0,2.41751822839703,0,0.0363147482324018,0,0,0,0,0,3
"221","MARIAN","Asuncion","Forereef",2014,3.28289855030712,0.444102154834101,0,0,0,0,0.438036604873346,0.759085920652418,0,0,0,0,0,0,0.0206397739473605,0,0.0658180792943464,0,0,0,0,0.678899664007466,0.00233215452515016,0,0,0.0847241081943462,0,0,0.470384883315536,0.257444280913966,0.0614309257490856,0,0,0,0,0,5
"222","MARIAN","Farallon de Pajaros","Forereef",2014,4.50168243044169,0.225795294641579,0,0.00821831927982654,0,0,0.0542171659136807,0.998875634429834,0,0,0,0,0,0,0.0307126212954571,0.741966033666592,0,0,0,0,0,1.26073704648117,0.0399014890131084,0,0,0,0,0,0.064114097974902,0,0.0419361940582163,1.03520853368732,0,0,0,0,2
"223","MARIAN","Guam","Forereef",2014,0.753908934554774,0.0215914440510213,0,0.000658949721255471,0.0125266889575438,0,0.20396869380135,0.0978120332890002,0,0,0.0359922654592663,0.0324739182773613,0.000545398753781939,0,0.00168555878293749,0,0.0107351068904059,0,0,0.0637113138442498,0,0.0316018114710126,0,0,0.00765686392011164,0.0482200799106853,0,0,0.161360301015302,0,0,0,0,0,0.0233685064094882,0,31
"224","MARIAN","Guguan","Forereef",2014,13.9365061475237,2.29751050991431,0,0,0,0,5.05047666560084,0.371735377485799,0,0,0,0,0,0,0,3.75566906457774,0,0,0,0,0,0.889309555670722,0,0,0,0,0,0,1.27281141725654,0.226920633120489,0.072072923897286,0,0,0,0,0,3
"225","MARIAN","Maug","Forereef",2014,3.6479160370919,0.357729458100632,0,0.00183266794809585,0.0412724543819788,0,0.106841052881054,1.07838460585937,0,0,0.0390436827594519,0,0,0,0.00270220853398544,0,0,0,0,0,0,1.2308703388747,0.0119093976933583,0,0.00279239621268111,0,0,0,0.543882399067512,0.20241019066683,0.0282451841122495,0,0,0,0,0,8
"226","MARIAN","Pagan","Forereef",2014,2.18135766551169,0.154494904465332,0,0,0,0,0.0869137406779332,0.0839675755552908,0,0,0.0410129694528352,0.0301038353064295,0,0,0,0.586727365092353,0.033467465967772,0,0,0.00653833495775039,0,0.424771478367996,0.00305406969078269,0,0.00349800231862758,0,0,0,0.713331106463968,0,0.0134768171946217,0,0,0,0,0,11
"227","MARIAN","Rota","Forereef",2014,2.27933998383718,0.117148982209783,0,0,0.036264998723353,0,0.170549600990841,0.169349844319413,0,0,0.0578153740902369,0.043969385473958,0,0,0.0110984388904813,0.43796559066537,0,0,0,0.0323031227519426,0.0242523038613174,0.158697133703713,0.00358371435894553,0,0,0,0,0,0.992514472576692,0.0107465445452085,0.0130804766759279,0,0,0,0,0,8
"228","MARIAN","Saipan","Forereef",2014,1.76844713180789,0.0577248750568353,0,0.000595560339128299,0.0415722712590408,0,0.134052083979075,0.0349963826969551,0,0,0.125533965240066,0.0885865038881257,0,0,0,0,0.0206552406668447,0,0.0211977836472544,0.178775960037442,0.015458193087703,0.202224726318131,0.00083392696181412,0,0,0,0,0,0.786157021708335,0.0344777310113625,0.0104389269375252,0,0,0,0.0151659789722505,0,14
"229","MARIAN","Sarigan","Forereef",2014,5.07327783595807,0,0,0,0.0733772973574268,0,0.0512091687397652,0,0,0,0,0.0655579588356516,0,0,0,1.86423415827013,0.0941437750511226,0,0,0,0,0.376164501210614,0,0,0,0,0,0,1.35061438516757,0.134768236096533,0.0521874589954259,1.01102089623383,0,0,0,0,2
"230","MARIAN","Tinian","Forereef",2014,0.864817100856968,0.0189236797115633,0,0,0.014359936944742,0,0.109365877259558,0.0317158265229169,0,0,0.194463484187597,0.0934276205468565,0,0,0.00348186433327603,0,0,0,0,0.0483159409885205,0.0174053187154973,0.0349248985352619,0.00135325051278255,0,0.00983138535096161,0,0,0,0.176069334707837,0,0.0392129468089834,0,0,0,0.0719657357306144,0,11
"231","PRIAs","Wake","Forereef",2014,5.66956740696931,0.0647812759541813,0,0.00211152068848515,0,0,0.630031839122584,0.788350016992811,0,0,0,0.0685129878689712,0,0,0.0131627738275486,0,0,0,0.00928468562099211,0.236086862693338,0,0.0121446052525185,0,0,0.166818701010391,3.04027459571098,0,0,0.542868505987687,0,0.0951390362388211,0,0,0,0,0,10
"232","PRIAs","Baker","Forereef",2015,25.5712539156773,1.25583187690105,0,0.00600818452997315,0.0608556309792731,0,0.505792518789848,4.6338851463263,3.7226829939405,0,0.0587974483871932,0,0,0,0,0,0,0,0,0.0416868537762317,0,4.13676527990599,0,0,0,10.0177096203901,0,0,0.723745959087487,0,0.297437380058141,0.110055022605282,0,0,0,0,5
"233","PRIAs","Howland","Forereef",2015,16.5980435052581,0.611472742645304,0,0,0.120419038228933,0,0.971622781070829,4.76980730011575,0,0,0,0,0,0,0,0,0,0,0,0,0.0641621953350473,3.59611366250336,0.0033254720245475,0,0,5.77650289810715,0,0,0.319888436890039,0,0.324809517048694,0,0,0,0.0399194612884667,0,5
"234","PRIAs","Jarvis","Forereef",2015,49.097448591025,0.0719118708391281,0,0.00156601783518788,0.0396141427609645,0,0.274674757075494,14.0914057401256,1.52311750716038,0,0,0.13606547854242,0,0,0.00105135663161465,0,0,0,0,0.153401902507761,0,1.42819453050368,0,0,0,16.7913369197707,0,0,0.869982888873234,0,0.10744021763984,13.3640055008809,0.243679759877981,0,0,0,6
"235","PRIAs","Johnston","Forereef",2015,0.960105013535034,0.0648449945741777,0,0.041629358815564,0,0,0.167670530994994,0,0,0,0,0.0294341122098013,0,0,0.0172593888006869,0,0,0,0,0.0280268137392804,0,0.127421376327943,0.00674884235502752,0,0.0656583480841022,0.347363570159854,0,0,0.0640476774736032,0,0,0,0,0,0,0,14
"236","PRIAs","Kingman","Forereef",2015,11.6965892709912,0.0920327664851533,0,0,0,0,0.467836162896163,5.24250180363277,0.185298607063103,0,0,0,0,0,0.00993508238110962,0,0,0,0,0,0.0188635779973329,3.7077220686042,0.00104479975068204,0,0,0.462964107073991,0,0,0.673558030855503,0.0197803504820663,0.0307693187830334,0.306539009026573,0.477743585959477,0,0,0,12
"237","SAMOA","Ofu & Olosega","Forereef",2015,2.96201088376429,0,0,0,0.0613248125595771,0,0.0100752733528615,0.0644131747149196,0,0,0,0,0,0,0.00205837957443238,0.818558344369168,0.0196319123434019,0,0,0.190376720236739,0.00756334994519306,0.203348227658019,0,0.0156853968043229,0,0,0,0,1.10664662707507,0,0.0787615448858826,0.383567120244697,0,0,0,0,10
"238","PRIAs","Palmyra","Forereef",2015,16.1159098265368,0.00672983245038999,0,0,0.098694443093283,0,0.369770571799621,2.54717863020538,6.72828023915305,0,0,0,0,0,0.0037786551273479,0,0,0,0,0.112562534850944,0.0281247465209556,2.30507057187135,0,0,0,3.23801007823703,0,0,0.207690193649787,0.012902237117008,0.114926242609273,0.230577128429887,0.111613721421511,0,0,0,19
"239","SAMOA","Rose","Forereef",2015,2.61212899075442,0.325933963628037,0,0,0,0,0.0775839975292524,0.120174852654517,0,0,0,0,0,0,0.00664442238438679,0,0,0,0,0,0,1.13325728063442,0,0,0.0334510728593639,0,0,0,0.108977126151972,0,0,0.806106274912463,0,0,0,0,5
"240","SAMOA","Swains","Forereef",2015,13.9261462157928,0.213270765132881,0,0,0,0,1.56194076498346,0.983180029513988,0,0,0,0,0,0,0.138019901411676,0,0,0,0,0,0,2.42560490024532,0.00693074781545645,0,0,0,0,0,0.96963668364245,0,0,7.62756242304751,0,0,0,0,6
"241","SAMOA","Tau","Forereef",2015,3.75694510187945,0.132528636222728,0,0,0,0,0.0543560430205376,0.0683826394129425,0,0,0,0.0093004595916859,0,0,0.00104908796938466,0.17598913782806,0.0869396761672161,0,0,0.27555011645312,0.0191975839349476,0.319758375002046,0,0,0.00608053760023423,0.0339724800999642,0,0,2.14808009886689,0.0270090465446812,0,0.345911611676787,0,0,0.0528395714882236,0,12
"242","SAMOA","Tutuila","Forereef",2015,1.78038158072558,0.057840209578793,0,0.00173770387655835,0.00587640639934155,0,0.0673310421307588,0.029893014328885,0,0,0,0.0135187414021378,0.000502635617065049,0.0191140823662983,0.00202987858225394,0,0,0,0.0624900284359815,0.126153901546321,0.00729397891830529,0.1911505668629,0,0.00315758918391314,0.013618545711313,0.0702700926089313,0,0,0.913721966978007,0.00682453325387669,0.0917141808275414,0.0484341241423455,0,0,0.0477083579740549,0,29
